Workbook

Sheet Raw Data
AC3: Men vs Women | AI3: Average Age | AU3: Average Income | AV3: Car Value | AW3: Ave value of one car | BG3: Avg income per county | DD3: Avg income per sector | DK3: % of people having debts than their annual income | DP3: Avg age of people with net worth higher than their income
B4: gender | C4: age | D4: field of work | E4: Column1 | F4: Column2 | G4: Education | H4: kids | I4: Vehicles | J4: income | K4: Column3 | L4: County | M4: Value of House | N4: Mortage Left | O4: Car Value | P4: Car Debt | Q4: Debts | R4: Investments | S4: Value of the person | T4: Value of Debts | U4: Net Worth (£) | W4: Field of work | AA4: Counties | AC4: Men | AD4: Women | AF4: Number of Men | AG4: Number of Women | AI4: =AVERAGE(Table1[age]) -> 37.141717 | AJ4: Health | AK4: Construction | AL4: Technology | AM4: Education | AN4: Agriculture | AO4: Social Service | AP4: No of Health | AQ4: No of Construction | AR4: No of Education | AS4: No of Agriculture | AT4: No of Social Service | AU4: =AVERAGE(Table1[income]) -> 64113.473 | AV4: =(O5/I5) -> 8525.6449 | AW4: =AVERAGE(AV4:AV504) -> 31737.773 | AX4: Debt Amount | AY4: 100000 | AZ4: No of people with debts greater than X | BA4: =SUM(AX5:AX504) -> 414 | BB4: % left to pay | BC4: less than | BD4: 0.3 | BE4: No of people have less than X% left to pay | BF4: =SUM(BC5:BC504) -> 167 | BG4: Cumbria | BH4: Cheshire | BI4: Bristol | BJ4: Surrey | BK4: Norfolk | BL4: Lincolnshire | BM4: Somerset | BN4: Cambridgeshire | BO4: South Yorkshire | BP4: Greater London | BQ4: Hampshire | BR4: Gloucestershire | BS4: West Sussex | BT4: Devon | BU4: Berkshire | BV4: Staffordshire | BW4: Leicestershire | BX4: Cornwall | BY4: isle of Wight | BZ4: Surrey | CA4: Derbyshire | CB4: City of London | CC4: Bedfordshire | CD4: County Durham | CE4: East Riding of Yorkshire | CF4: West Yorkshire | CG4: Essex | CH4: East Sussex | CI4: Greater Manchester | CJ4: Hertfordshire | CK4: Herefordshire | CL4: Lancashire | CM4: Merseyside | CN4: Northamptonshire | CO4: Northumberland | CP4: Wiltshire | CQ4: West Midlands | CR4: Warwickshire | CS4: Tyne and Wear | CT4: Worcestershire | CU4: Rutland | CV4: Shropshire | CW4: Dorset | CX4: Buckinghamshire | CY4: Suffolk | CZ4: North Yorkshire | DA4: Kent | DB4: Derbyshire | DD4: Health | DE4: Agriculture | DF4: Technology | DG4: Social Service | DH4: Education | DI4: Construction
A5: =RANDBETWEEN(1,2) -> 2 | B5: =IF(A5=1, "men", "women") -> women | C5: =RANDBETWEEN(25,50) -> 50 | D5: =RANDBETWEEN(1,6) -> 3 | E5: =VLOOKUP(D5,$W$5:$X$10,2) -> Education | F5: =RANDBETWEEN(1,5) -> 4 | G5: =VLOOKUP(F5,$Y$5:$Z$9,2) -> Technical | H5: =RANDBETWEEN(0,4) -> 0 | I5: =RANDBETWEEN(1,3) -> 2 | J5: =RANDBETWEEN(30000,100000) -> 32071 | K5: =RANDBETWEEN(1,48) -> 26 | L5: =VLOOKUP(K5,$AA$5:$AB$52,2) -> Leicestershire | M5: =J5*(RANDBETWEEN(2,5)) -> 128284 | N5: =RAND()*M5 -> 15780.6 | O5: =I5*RAND()*J5 -> 17051.29 | P5: =RANDBETWEEN(0,O5) -> 10411 | Q5: =RAND()*J5*2 -> 61142.263 | R5: =RAND()*J5*1.5 -> 401.89115 | S5: =J5+R5+O5 -> 49524.181 | T5: =N5+P5+Q5 -> 87333.863 | U5: =S5-T5 -> -37809.682 | W5: 1 | X5: Health | Y5: 1 | Z5: High School | AA5: 1 | AB5: Bedfordshire | AC5: =IF(Table1[[#This Row],[gender]]="men",1,0) -> 0 | AD5: =IF(Table1[[#This Row],[gender]]="women",1,0) -> 1 | AF5: =SUM(AC5:AC505) -> 245 | AG5: =SUM(AD5:AD505) -> 256 | AJ5: =IF(Table1[[#This Row],[Column1]]="Health",1,0) -> 0 | AK5: =IF(Table1[[#This Row],[Column1]]="Construction",1,0) -> 0 | AL5: =IF(Table1[[#This Row],[Column1]]="Technology",1,0) -> 0 | AM5: =IF(Table1[[#This Row],[Column1]]="Education",1,0) -> 1 | AN5: =IF(Table1[[#This Row],[Column1]]="Agriculture",1,0) -> 0 | AO5: =IF(Table1[[#This Row],[Column1]]="Social Service", 1, 0) -> 0 | AP5: =SUM(AJ5:AJ505) -> 96 | AQ5: =SUM(AK5:AK505) -> 72 | AR5: =SUM(AM5:AM505) -> 91 | AS5: =SUM(AN5:AN505) -> 87 | AT5: =SUM(AO5:AO505) -> 87 | AV5: =(O6/I6) -> 65000.31 | AX5: =IF(Table1[[#This Row],[Value of Debts]]>$AY$4,1,0) -> 0 | BB5: =Table1[[#This Row],[Mortage Left]]/Table1[[#This Row],[Value of House]] -> 0.123013 | BC5: =IF(BB5<$BD$4,1,0) -> 1 | BG5: =IF(Table1[[#This Row],[County]]="Cumbria",Table1[[#This Row],[income]],0) -> 0 | BH5: =IF(Table1[[#This Row],[County]]="Cheshire",Table1[[#This Row],[income]],0) -> 0 | BI5: =IF(Table1[[#This Row],[County]]="Bristol",Table1[[#This Row],[income]],0) -> 0 | BJ5: =IF(Table1[[#This Row],[County]]="Surrey",Table1[[#This Row],[income]],0) -> 0 | BK5: =IF(Table1[[#This Row],[County]]="Norfolk",Table1[[#This Row],[income]],0) -> 0 | BL5: =IF(Table1[[#This Row],[County]]="Lincolnshire",Table1[[#This Row],[income]],0) -> 0 | BM5: =IF(Table1[[#This Row],[County]]="Somerset",Table1[[#This Row],[income]],0) -> 0 | BN5: =IF(Table1[[#This Row],[County]]="Cambridgeshire",Table1[[#This Row],[income]],0) -> 0 | BO5: =IF(Table1[[#This Row],[County]]="South Yorkshire",Table1[[#This Row],[income]],0) -> 0 | BP5: =IF(Table1[[#This Row],[County]]="Greater London",Table1[[#This Row],[income]],0) -> 0 | BQ5: =IF(Table1[[#This Row],[County]]="Hampshire",Table1[[#This Row],[income]],0) -> 0 | BR5: =IF(Table1[[#This Row],[County]]="Gloucestershire",Table1[[#This Row],[income]],0) -> 0 | BS5: =IF(Table1[[#This Row],[County]]="West Sussex",Table1[[#This Row],[income]],0) -> 0 | BT5: =IF(Table1[[#This Row],[County]]="Devon",Table1[[#This Row],[income]],0) -> 0 | BU5: =IF(Table1[[#This Row],[County]]="Berkshire",Table1[[#This Row],[income]],0) -> 0 | BV5: =IF(Table1[[#This Row],[County]]="Staffordshire",Table1[[#This Row],[income]],0) -> 0 | BW5: =IF(Table1[[#This Row],[County]]="Leicestershire",Table1[[#This Row],[income]],0) -> 32071 | BX5: =IF(Table1[[#This Row],[County]]="Cornwall",Table1[[#This Row],[income]],0) -> 0 | BY5: =IF(Table1[[#This Row],[County]]="Isle of Wight",Table1[[#This Row],[income]],0) -> 0 | BZ5: =IF(Table1[[#This Row],[County]]="Surrey",Table1[[#This Row],[income]],0) -> 0 | CA5: =IF(Table1[[#This Row],[County]]="Derbyshire",Table1[[#This Row],[income]],0) -> 0 | CB5: =IF(Table1[[#This Row],[County]]="City of London",Table1[[#This Row],[income]],0) -> 0 | CC5: =IF(Table1[[#This Row],[County]]="Bedfordshire",Table1[[#This Row],[income]],0) -> 0 | CD5: =IF(Table1[[#This Row],[County]]="County Durham",Table1[[#This Row],[income]],0) -> 0 | CE5: =IF(Table1[[#This Row],[County]]="East Riding of Yorkshire",Table1[[#This Row],[income]],0) -> 0 | CF5: =IF(Table1[[#This Row],[County]]="West Yorkshire",Table1[[#This Row],[income]],0) -> 0 | CG5: =IF(Table1[[#This Row],[County]]="Essex",Table1[[#This Row],[income]],0) -> 0 | CH5: =IF(Table1[[#This Row],[County]]="East Sussex",Table1[[#This Row],[income]],0) -> 0 | CI5: =IF(Table1[[#This Row],[County]]="Greater Manchester",Table1[[#This Row],[income]],0) -> 0 | CJ5: =IF(Table1[[#This Row],[County]]="Hertfordshire",Table1[[#This Row],[income]],0) -> 0 | CK5: =IF(Table1[[#This Row],[County]]="Herefordshire",Table1[[#This Row],[income]],0) -> 0 | CL5: =IF(Table1[[#This Row],[County]]="Lancashire",Table1[[#This Row],[income]],0) -> 0 | CM5: =IF(Table1[[#This Row],[County]]="Merseyside",Table1[[#This Row],[income]],0) -> 0 | CN5: =IF(Table1[[#This Row],[County]]="Northamptonshire",Table1[[#This Row],[income]],0) -> 0 | CO5: =IF(Table1[[#This Row],[County]]="Northumberland",Table1[[#This Row],[income]],0) -> 0 | CP5: =IF(Table1[[#This Row],[County]]="Wiltshire",Table1[[#This Row],[income]],0) -> 0 | CQ5: =IF(Table1[[#This Row],[County]]="West Midlands",Table1[[#This Row],[income]],0) -> 0 | CR5: =IF(Table1[[#This Row],[County]]="Warwickshire",Table1[[#This Row],[income]],0) -> 0 | CS5: =IF(Table1[[#This Row],[County]]="Tyne and Wear",Table1[[#This Row],[income]],0) -> 0 | CT5: =IF(Table1[[#This Row],[County]]="Worcestershire",Table1[[#This Row],[income]],0) -> 0 | CU5: =IF(Table1[[#This Row],[County]]="Rutland",Table1[[#This Row],[income]],0) -> 0 | CV5: =IF(Table1[[#This Row],[County]]="Shropshire",Table1[[#This Row],[income]],0) -> 0 | CW5: =IF(Table1[[#This Row],[County]]="Dorset",Table1[[#This Row],[income]],0) -> 0 | CX5: =IF(Table1[[#This Row],[County]]="Buckinghamshire",Table1[[#This Row],[income]],0) -> 0 | CY5: =IF(Table1[[#This Row],[County]]="Suffolk",Table1[[#This Row],[income]],0) -> 0 | CZ5: =IF(Table1[[#This Row],[County]]="North Yorkshire",Table1[[#This Row],[income]],0) -> 0 | DA5: =IF(Table1[[#This Row],[County]]="Kent",Table1[[#This Row],[income]],0) -> 0 | DB5: =IF(Table1[[#This Row],[County]]="Derbyshire",Table1[[#This Row],[income]],0) -> 0 | DD5: =IF(Table1[[#This Row],[Column1]]="Health",Table1[[#This Row],[income]],0) -> 0 | DE5: =IF(Table1[[#This Row],[Column1]]="Agriculture",Table1[[#This Row],[income]],0) -> 0 | DF5: =IF(Table1[[#This Row],[Column1]]="Technology",Table1[[#This Row],[income]],0) -> 0 | DG5: =IF(Table1[[#This Row],[Column1]]="Social Service",Table1[[#This Row],[income]],0) -> 0 | DH5: =IF(Table1[[#This Row],[Column1]]="Education",Table1[[#This Row],[income]],0) -> 32071 | DI5: =IF(Table1[[#This Row],[Column1]]="Construction",Table1[[#This Row],[income]],0) -> 0 | DK5: =IF(Table1[[#This Row],[Value of Debts]]>Table1[[#This Row],[income]],1,0) -> 1 | DM5: =SUM(DK5:DK504)/COUNT(DK5:DK504) -> 0.952 | DP5: =IF(Table1[[#This Row],[Net Worth (£)]]>$DS$5,C5,0) -> 0 | DS5: 50000
A6: =RANDBETWEEN(1,2) -> 2 | B6: =IF(A6=1, "men", "women") -> women | C6: =RANDBETWEEN(25,50) -> 29 | D6: =RANDBETWEEN(1,6) -> 3 | E6: =VLOOKUP(D6,$W$5:$X$10,2) -> Education | F6: =RANDBETWEEN(1,5) -> 5 | G6: =VLOOKUP(F6,$Y$5:$Z$9,2) -> Other | H6: =RANDBETWEEN(0,4) -> 2 | I6: =RANDBETWEEN(1,3) -> 3 | J6: =RANDBETWEEN(30000,100000) -> 81268 | K6: =RANDBETWEEN(1,48) -> 25 | L6: =VLOOKUP(K6,$AA$5:$AB$52,2) -> Lancashire | M6: =J6*(RANDBETWEEN(2,5)) -> 243804 | N6: =RAND()*M6 -> 125405.09 | O6: =I6*RAND()*J6 -> 195000.93 | P6: =RANDBETWEEN(0,O6) -> 133945 | Q6: =RAND()*J6*2 -> 41593.447 | R6: =RAND()*J6*1.5 -> 22387.006 | S6: =J6+R6+O6 -> 298655.94 | T6: =N6+P6+Q6 -> 300943.53 | U6: =S6-T6 -> -2287.5965 | W6: 2 | X6: Construction | Y6: 2 | Z6: College | AA6: 2 | AB6: Berkshire | AC6: =IF(Table1[[#This Row],[gender]]="men",1,0) -> 0 | AD6: =IF(Table1[[#This Row],[gender]]="women",1,0) -> 1 | AJ6: =IF(Table1[[#This Row],[Column1]]="Health",1,0) -> 0 | AK6: =IF(Table1[[#This Row],[Column1]]="Construction",1,0) -> 0 | AL6: =IF(Table1[[#This Row],[Column1]]="Technology",1,0) -> 0 | AM6: =IF(Table1[[#This Row],[Column1]]="Education",1,0) -> 1 | AN6: =IF(Table1[[#This Row],[Column1]]="Agriculture",1,0) -> 0 | AO6: =IF(Table1[[#This Row],[Column1]]="Social Service", 1, 0) -> 0 | AV6: =(O7/I7) -> 34097.394 | AX6: =IF(Table1[[#This Row],[Value of Debts]]>$AY$4,1,0) -> 1 | BB6: =Table1[[#This Row],[Mortage Left]]/Table1[[#This Row],[Value of House]] -> 0.51436845 | BC6: =IF(BB6<$BD$4,1,0) -> 0 | BG6: =IF(Table1[[#This Row],[County]]="Cumbria",Table1[[#This Row],[income]],0) -> 0 | BH6: =IF(Table1[[#This Row],[County]]="Cheshire",Table1[[#This Row],[income]],0) -> 0 | BI6: =IF(Table1[[#This Row],[County]]="Bristol",Table1[[#This Row],[income]],0) -> 0 | BJ6: =IF(Table1[[#This Row],[County]]="Surrey",Table1[[#This Row],[income]],0) -> 0 | BK6: =IF(Table1[[#This Row],[County]]="Norfolk",Table1[[#This Row],[income]],0) -> 0 | BL6: =IF(Table1[[#This Row],[County]]="Lincolnshire",Table1[[#This Row],[income]],0) -> 0 | BM6: =IF(Table1[[#This Row],[County]]="Somerset",Table1[[#This Row],[income]],0) -> 0 | BN6: =IF(Table1[[#This Row],[County]]="Cambridgeshire",Table1[[#This Row],[income]],0) -> 0 | BO6: =IF(Table1[[#This Row],[County]]="South Yorkshire",Table1[[#This Row],[income]],0) -> 0 | BP6: =IF(Table1[[#This Row],[County]]="Greater London",Table1[[#This Row],[income]],0) -> 0 | BQ6: =IF(Table1[[#This Row],[County]]="Hampshire",Table1[[#This Row],[income]],0) -> 0 | BR6: =IF(Table1[[#This Row],[County]]="Gloucestershire",Table1[[#This Row],[income]],0) -> 0 | BS6: =IF(Table1[[#This Row],[County]]="West Sussex",Table1[[#This Row],[income]],0) -> 0 | BT6: =IF(Table1[[#This Row],[County]]="Devon",Table1[[#This Row],[income]],0) -> 0 | BU6: =IF(Table1[[#This Row],[County]]="Berkshire",Table1[[#This Row],[income]],0) -> 0 | BV6: =IF(Table1[[#This Row],[County]]="Staffordshire",Table1[[#This Row],[income]],0) -> 0 | BW6: =IF(Table1[[#This Row],[County]]="Leicestershire",Table1[[#This Row],[income]],0) -> 0 | BX6: =IF(Table1[[#This Row],[County]]="Cornwall",Table1[[#This Row],[income]],0) -> 0 | BY6: =IF(Table1[[#This Row],[County]]="Isle of Wight",Table1[[#This Row],[income]],0) -> 0 | BZ6: =IF(Table1[[#This Row],[County]]="Surrey",Table1[[#This Row],[income]],0) -> 0 | CA6: =IF(Table1[[#This Row],[County]]="Derbyshire",Table1[[#This Row],[income]],0) -> 0 | CB6: =IF(Table1[[#This Row],[County]]="City of London",Table1[[#This Row],[income]],0) -> 0 | CC6: =IF(Table1[[#This Row],[County]]="Bedfordshire",Table1[[#This Row],[income]],0) -> 0 | CD6: =IF(Table1[[#This Row],[County]]="County Durham",Table1[[#This Row],[income]],0) -> 0 | CE6: =IF(Table1[[#This Row],[County]]="East Riding of Yorkshire",Table1[[#This Row],[income]],0) -> 0 | CF6: =IF(Table1[[#This Row],[County]]="West Yorkshire",Table1[[#This Row],[income]],0) -> 0 | CG6: =IF(Table1[[#This Row],[County]]="Essex",Table1[[#This Row],[income]],0) -> 0 | CH6: =IF(Table1[[#This Row],[County]]="East Sussex",Table1[[#This Row],[income]],0) -> 0 | CI6: =IF(Table1[[#This Row],[County]]="Greater Manchester",Table1[[#This Row],[income]],0) -> 0 | CJ6: =IF(Table1[[#This Row],[County]]="Hertfordshire",Table1[[#This Row],[income]],0) -> 0 | CK6: =IF(Table1[[#This Row],[County]]="Herefordshire",Table1[[#This Row],[income]],0) -> 0 | CL6: =IF(Table1[[#This Row],[County]]="Lancashire",Table1[[#This Row],[income]],0) -> 81268 | CM6: =IF(Table1[[#This Row],[County]]="Merseyside",Table1[[#This Row],[income]],0) -> 0 | CN6: =IF(Table1[[#This Row],[County]]="Northamptonshire",Table1[[#This Row],[income]],0) -> 0 | CO6: =IF(Table1[[#This Row],[County]]="Northumberland",Table1[[#This Row],[income]],0) -> 0 | CP6: =IF(Table1[[#This Row],[County]]="Wiltshire",Table1[[#This Row],[income]],0) -> 0 | CQ6: =IF(Table1[[#This Row],[County]]="West Midlands",Table1[[#This Row],[income]],0) -> 0 | CR6: =IF(Table1[[#This Row],[County]]="Warwickshire",Table1[[#This Row],[income]],0) -> 0 | CS6: =IF(Table1[[#This Row],[County]]="Tyne and Wear",Table1[[#This Row],[income]],0) -> 0 | CT6: =IF(Table1[[#This Row],[County]]="Worcestershire",Table1[[#This Row],[income]],0) -> 0 | CU6: =IF(Table1[[#This Row],[County]]="Rutland",Table1[[#This Row],[income]],0) -> 0 | CV6: =IF(Table1[[#This Row],[County]]="Shropshire",Table1[[#This Row],[income]],0) -> 0 | CW6: =IF(Table1[[#This Row],[County]]="Dorset",Table1[[#This Row],[income]],0) -> 0 | CX6: =IF(Table1[[#This Row],[County]]="Buckinghamshire",Table1[[#This Row],[income]],0) -> 0 | CY6: =IF(Table1[[#This Row],[County]]="Suffolk",Table1[[#This Row],[income]],0) -> 0 | CZ6: =IF(Table1[[#This Row],[County]]="North Yorkshire",Table1[[#This Row],[income]],0) -> 0 | DA6: =IF(Table1[[#This Row],[County]]="Kent",Table1[[#This Row],[income]],0) -> 0 | DB6: =IF(Table1[[#This Row],[County]]="Derbyshire",Table1[[#This Row],[income]],0) -> 0 | DD6: =IF(Table1[[#This Row],[Column1]]="Health",Table1[[#This Row],[income]],0) -> 0 | DE6: =IF(Table1[[#This Row],[Column1]]="Agriculture",Table1[[#This Row],[income]],0) -> 0 | DF6: =IF(Table1[[#This Row],[Column1]]="Technology",Table1[[#This Row],[income]],0) -> 0 | DG6: =IF(Table1[[#This Row],[Column1]]="Social Service",Table1[[#This Row],[income]],0) -> 0 | DH6: =IF(Table1[[#This Row],[Column1]]="Education",Table1[[#This Row],[income]],0) -> 81268 | DI6: =IF(Table1[[#This Row],[Column1]]="Construction",Table1[[#This Row],[income]],0) -> 0 | DK6: =IF(Table1[[#This Row],[Value of Debts]]>Table1[[#This Row],[income]],1,0) -> 1 | DP6: =IF(Table1[[#This Row],[Net Worth (£)]]>$DS$5,C6,0) -> 0
A7: =RANDBETWEEN(1,2) -> 2 | B7: =IF(A7=1, "men", "women") -> women | C7: =RANDBETWEEN(25,50) -> 47 | D7: =RANDBETWEEN(1,6) -> 2 | E7: =VLOOKUP(D7,$W$5:$X$10,2) -> Construction | F7: =RANDBETWEEN(1,5) -> 4 | G7: =VLOOKUP(F7,$Y$5:$Z$9,2) -> Technical | H7: =RANDBETWEEN(0,4) -> 3 | I7: =RANDBETWEEN(1,3) -> 2 | J7: =RANDBETWEEN(30000,100000) -> 65006 | K7: =RANDBETWEEN(1,48) -> 45 | L7: =VLOOKUP(K7,$AA$5:$AB$52,2) -> West Sussex | M7: =J7*(RANDBETWEEN(2,5)) -> 195018 | N7: =RAND()*M7 -> 132368.15 | O7: =I7*RAND()*J7 -> 68194.788 | P7: =RANDBETWEEN(0,O7) -> 29590 | Q7: =RAND()*J7*2 -> 76660.811 | R7: =RAND()*J7*1.5 -> 10105.052 | S7: =J7+R7+O7 -> 143305.84 | T7: =N7+P7+Q7 -> 238618.96 | U7: =S7-T7 -> -95313.119 | W7: 3 | X7: Education | Y7: 3 | Z7: University | AA7: 3 | AB7: Bristol | AC7: =IF(Table1[[#This Row],[gender]]="men",1,0) -> 0 | AD7: =IF(Table1[[#This Row],[gender]]="women",1,0) -> 1 | AJ7: =IF(Table1[[#This Row],[Column1]]="Health",1,0) -> 0 | AK7: =IF(Table1[[#This Row],[Column1]]="Construction",1,0) -> 1 | AL7: =IF(Table1[[#This Row],[Column1]]="Technology",1,0) -> 0 | AM7: =IF(Table1[[#This Row],[Column1]]="Education",1,0) -> 0 | AN7: =IF(Table1[[#This Row],[Column1]]="Agriculture",1,0) -> 0 | AO7: =IF(Table1[[#This Row],[Column1]]="Social Service", 1, 0) -> 0 | AV7: =(O8/I8) -> 10340.289 | AX7: =IF(Table1[[#This Row],[Value of Debts]]>$AY$4,1,0) -> 1 | BB7: =Table1[[#This Row],[Mortage Left]]/Table1[[#This Row],[Value of House]] -> 0.67874836 | BC7: =IF(BB7<$BD$4,1,0) -> 0 | BG7: =IF(Table1[[#This Row],[County]]="Cumbria",Table1[[#This Row],[income]],0) -> 0 | BH7: =IF(Table1[[#This Row],[County]]="Cheshire",Table1[[#This Row],[income]],0) -> 0 | BI7: =IF(Table1[[#This Row],[County]]="Bristol",Table1[[#This Row],[income]],0) -> 0 | BJ7: =IF(Table1[[#This Row],[County]]="Surrey",Table1[[#This Row],[income]],0) -> 0 | BK7: =IF(Table1[[#This Row],[County]]="Norfolk",Table1[[#This Row],[income]],0) -> 0 | BL7: =IF(Table1[[#This Row],[County]]="Lincolnshire",Table1[[#This Row],[income]],0) -> 0 | BM7: =IF(Table1[[#This Row],[County]]="Somerset",Table1[[#This Row],[income]],0) -> 0 | BN7: =IF(Table1[[#This Row],[County]]="Cambridgeshire",Table1[[#This Row],[income]],0) -> 0 | BO7: =IF(Table1[[#This Row],[County]]="South Yorkshire",Table1[[#This Row],[income]],0) -> 0 | BP7: =IF(Table1[[#This Row],[County]]="Greater London",Table1[[#This Row],[income]],0) -> 0 | BQ7: =IF(Table1[[#This Row],[County]]="Hampshire",Table1[[#This Row],[income]],0) -> 0 | BR7: =IF(Table1[[#This Row],[County]]="Gloucestershire",Table1[[#This Row],[income]],0) -> 0 | BS7: =IF(Table1[[#This Row],[County]]="West Sussex",Table1[[#This Row],[income]],0) -> 65006 | BT7: =IF(Table1[[#This Row],[County]]="Devon",Table1[[#This Row],[income]],0) -> 0 | BU7: =IF(Table1[[#This Row],[County]]="Berkshire",Table1[[#This Row],[income]],0) -> 0 | BV7: =IF(Table1[[#This Row],[County]]="Staffordshire",Table1[[#This Row],[income]],0) -> 0 | BW7: =IF(Table1[[#This Row],[County]]="Leicestershire",Table1[[#This Row],[income]],0) -> 0 | BX7: =IF(Table1[[#This Row],[County]]="Cornwall",Table1[[#This Row],[income]],0) -> 0 | BY7: =IF(Table1[[#This Row],[County]]="Isle of Wight",Table1[[#This Row],[income]],0) -> 0 | BZ7: =IF(Table1[[#This Row],[County]]="Surrey",Table1[[#This Row],[income]],0) -> 0 | CA7: =IF(Table1[[#This Row],[County]]="Derbyshire",Table1[[#This Row],[income]],0) -> 0 | CB7: =IF(Table1[[#This Row],[County]]="City of London",Table1[[#This Row],[income]],0) -> 0 | CC7: =IF(Table1[[#This Row],[County]]="Bedfordshire",Table1[[#This Row],[income]],0) -> 0 | CD7: =IF(Table1[[#This Row],[County]]="County Durham",Table1[[#This Row],[income]],0) -> 0 | CE7: =IF(Table1[[#This Row],[County]]="East Riding of Yorkshire",Table1[[#This Row],[income]],0) -> 0 | CF7: =IF(Table1[[#This Row],[County]]="West Yorkshire",Table1[[#This Row],[income]],0) -> 0 | CG7: =IF(Table1[[#This Row],[County]]="Essex",Table1[[#This Row],[income]],0) -> 0 | CH7: =IF(Table1[[#This Row],[County]]="East Sussex",Table1[[#This Row],[income]],0) -> 0 | CI7: =IF(Table1[[#This Row],[County]]="Greater Manchester",Table1[[#This Row],[income]],0) -> 0 | CJ7: =IF(Table1[[#This Row],[County]]="Hertfordshire",Table1[[#This Row],[income]],0) -> 0 | CK7: =IF(Table1[[#This Row],[County]]="Herefordshire",Table1[[#This Row],[income]],0) -> 0 | CL7: =IF(Table1[[#This Row],[County]]="Lancashire",Table1[[#This Row],[income]],0) -> 0 | CM7: =IF(Table1[[#This Row],[County]]="Merseyside",Table1[[#This Row],[income]],0) -> 0 | CN7: =IF(Table1[[#This Row],[County]]="Northamptonshire",Table1[[#This Row],[income]],0) -> 0 | CO7: =IF(Table1[[#This Row],[County]]="Northumberland",Table1[[#This Row],[income]],0) -> 0 | CP7: =IF(Table1[[#This Row],[County]]="Wiltshire",Table1[[#This Row],[income]],0) -> 0 | CQ7: =IF(Table1[[#This Row],[County]]="West Midlands",Table1[[#This Row],[income]],0) -> 0 | CR7: =IF(Table1[[#This Row],[County]]="Warwickshire",Table1[[#This Row],[income]],0) -> 0 | CS7: =IF(Table1[[#This Row],[County]]="Tyne and Wear",Table1[[#This Row],[income]],0) -> 0 | CT7: =IF(Table1[[#This Row],[County]]="Worcestershire",Table1[[#This Row],[income]],0) -> 0 | CU7: =IF(Table1[[#This Row],[County]]="Rutland",Table1[[#This Row],[income]],0) -> 0 | CV7: =IF(Table1[[#This Row],[County]]="Shropshire",Table1[[#This Row],[income]],0) -> 0 | CW7: =IF(Table1[[#This Row],[County]]="Dorset",Table1[[#This Row],[income]],0) -> 0 | CX7: =IF(Table1[[#This Row],[County]]="Buckinghamshire",Table1[[#This Row],[income]],0) -> 0 | CY7: =IF(Table1[[#This Row],[County]]="Suffolk",Table1[[#This Row],[income]],0) -> 0 | CZ7: =IF(Table1[[#This Row],[County]]="North Yorkshire",Table1[[#This Row],[income]],0) -> 0 | DA7: =IF(Table1[[#This Row],[County]]="Kent",Table1[[#This Row],[income]],0) -> 0 | DB7: =IF(Table1[[#This Row],[County]]="Derbyshire",Table1[[#This Row],[income]],0) -> 0 | DD7: =IF(Table1[[#This Row],[Column1]]="Health",Table1[[#This Row],[income]],0) -> 0 | DE7: =IF(Table1[[#This Row],[Column1]]="Agriculture",Table1[[#This Row],[income]],0) -> 0 | DF7: =IF(Table1[[#This Row],[Column1]]="Technology",Table1[[#This Row],[income]],0) -> 0 | DG7: =IF(Table1[[#This Row],[Column1]]="Social Service",Table1[[#This Row],[income]],0) -> 0 | DH7: =IF(Table1[[#This Row],[Column1]]="Education",Table1[[#This Row],[income]],0) -> 0 | DI7: =IF(Table1[[#This Row],[Column1]]="Construction",Table1[[#This Row],[income]],0) -> 65006 | DK7: =IF(Table1[[#This Row],[Value of Debts]]>Table1[[#This Row],[income]],1,0) -> 1 | DP7: =IF(Table1[[#This Row],[Net Worth (£)]]>$DS$5,C7,0) -> 0
A8: =RANDBETWEEN(1,2) -> 2 | B8: =IF(A8=1, "men", "women") -> women | C8: =RANDBETWEEN(25,50) -> 25 | D8: =RANDBETWEEN(1,6) -> 6 | E8: =VLOOKUP(D8,$W$5:$X$10,2) -> Agriculture | F8: =RANDBETWEEN(1,5) -> 4 | G8: =VLOOKUP(F8,$Y$5:$Z$9,2) -> Technical | H8: =RANDBETWEEN(0,4) -> 0 | I8: =RANDBETWEEN(1,3) -> 1 | J8: =RANDBETWEEN(30000,100000) -> 48868 | K8: =RANDBETWEEN(1,48) -> 2 | L8: =VLOOKUP(K8,$AA$5:$AB$52,2) -> Berkshire | M8: =J8*(RANDBETWEEN(2,5)) -> 146604 | N8: =RAND()*M8 -> 5095.415 | O8: =I8*RAND()*J8 -> 10340.289 | P8: =RANDBETWEEN(0,O8) -> 2195 | Q8: =RAND()*J8*2 -> 2978.7983 | R8: =RAND()*J8*1.5 -> 36638.203 | S8: =J8+R8+O8 -> 95846.492 | T8: =N8+P8+Q8 -> 10269.213 | U8: =S8-T8 -> 85577.278 | W8: 4 | X8: Technology | Y8: 4 | Z8: Technical | AA8: 4 | AB8: Buckinghamshire | AC8: =IF(Table1[[#This Row],[gender]]="men",1,0) -> 0 | AD8: =IF(Table1[[#This Row],[gender]]="women",1,0) -> 1 | AJ8: =IF(Table1[[#This Row],[Column1]]="Health",1,0) -> 0 | AK8: =IF(Table1[[#This Row],[Column1]]="Construction",1,0) -> 0 | AL8: =IF(Table1[[#This Row],[Column1]]="Technology",1,0) -> 0 | AM8: =IF(Table1[[#This Row],[Column1]]="Education",1,0) -> 0 | AN8: =IF(Table1[[#This Row],[Column1]]="Agriculture",1,0) -> 1 | AO8: =IF(Table1[[#This Row],[Column1]]="Social Service", 1, 0) -> 0 | AV8: =(O9/I9) -> 39644.496 | AX8: =IF(Table1[[#This Row],[Value of Debts]]>$AY$4,1,0) -> 0 | BB8: =Table1[[#This Row],[Mortage Left]]/Table1[[#This Row],[Value of House]] -> 0.034756316 | BC8: =IF(BB8<$BD$4,1,0) -> 1 | BG8: =IF(Table1[[#This Row],[County]]="Cumbria",Table1[[#This Row],[income]],0) -> 0 | BH8: =IF(Table1[[#This Row],[County]]="Cheshire",Table1[[#This Row],[income]],0) -> 0 | BI8: =IF(Table1[[#This Row],[County]]="Bristol",Table1[[#This Row],[income]],0) -> 0 | BJ8: =IF(Table1[[#This Row],[County]]="Surrey",Table1[[#This Row],[income]],0) -> 0 | BK8: =IF(Table1[[#This Row],[County]]="Norfolk",Table1[[#This Row],[income]],0) -> 0 | BL8: =IF(Table1[[#This Row],[County]]="Lincolnshire",Table1[[#This Row],[income]],0) -> 0 | BM8: =IF(Table1[[#This Row],[County]]="Somerset",Table1[[#This Row],[income]],0) -> 0 | BN8: =IF(Table1[[#This Row],[County]]="Cambridgeshire",Table1[[#This Row],[income]],0) -> 0 | BO8: =IF(Table1[[#This Row],[County]]="South Yorkshire",Table1[[#This Row],[income]],0) -> 0 | BP8: =IF(Table1[[#This Row],[County]]="Greater London",Table1[[#This Row],[income]],0) -> 0 | BQ8: =IF(Table1[[#This Row],[County]]="Hampshire",Table1[[#This Row],[income]],0) -> 0 | BR8: =IF(Table1[[#This Row],[County]]="Gloucestershire",Table1[[#This Row],[income]],0) -> 0 | BS8: =IF(Table1[[#This Row],[County]]="West Sussex",Table1[[#This Row],[income]],0) -> 0 | BT8: =IF(Table1[[#This Row],[County]]="Devon",Table1[[#This Row],[income]],0) -> 0 | BU8: =IF(Table1[[#This Row],[County]]="Berkshire",Table1[[#This Row],[income]],0) -> 48868 | BV8: =IF(Table1[[#This Row],[County]]="Staffordshire",Table1[[#This Row],[income]],0) -> 0 | BW8: =IF(Table1[[#This Row],[County]]="Leicestershire",Table1[[#This Row],[income]],0) -> 0 | BX8: =IF(Table1[[#This Row],[County]]="Cornwall",Table1[[#This Row],[income]],0) -> 0 | BY8: =IF(Table1[[#This Row],[County]]="Isle of Wight",Table1[[#This Row],[income]],0) -> 0 | BZ8: =IF(Table1[[#This Row],[County]]="Surrey",Table1[[#This Row],[income]],0) -> 0 | CA8: =IF(Table1[[#This Row],[County]]="Derbyshire",Table1[[#This Row],[income]],0) -> 0 | CB8: =IF(Table1[[#This Row],[County]]="City of London",Table1[[#This Row],[income]],0) -> 0 | CC8: =IF(Table1[[#This Row],[County]]="Bedfordshire",Table1[[#This Row],[income]],0) -> 0 | CD8: =IF(Table1[[#This Row],[County]]="County Durham",Table1[[#This Row],[income]],0) -> 0 | CE8: =IF(Table1[[#This Row],[County]]="East Riding of Yorkshire",Table1[[#This Row],[income]],0) -> 0 | CF8: =IF(Table1[[#This Row],[County]]="West Yorkshire",Table1[[#This Row],[income]],0) -> 0 | CG8: =IF(Table1[[#This Row],[County]]="Essex",Table1[[#This Row],[income]],0) -> 0 | CH8: =IF(Table1[[#This Row],[County]]="East Sussex",Table1[[#This Row],[income]],0) -> 0 | CI8: =IF(Table1[[#This Row],[County]]="Greater Manchester",Table1[[#This Row],[income]],0) -> 0 | CJ8: =IF(Table1[[#This Row],[County]]="Hertfordshire",Table1[[#This Row],[income]],0) -> 0 | CK8: =IF(Table1[[#This Row],[County]]="Herefordshire",Table1[[#This Row],[income]],0) -> 0 | CL8: =IF(Table1[[#This Row],[County]]="Lancashire",Table1[[#This Row],[income]],0) -> 0 | CM8: =IF(Table1[[#This Row],[County]]="Merseyside",Table1[[#This Row],[income]],0) -> 0 | CN8: =IF(Table1[[#This Row],[County]]="Northamptonshire",Table1[[#This Row],[income]],0) -> 0 | CO8: =IF(Table1[[#This Row],[County]]="Northumberland",Table1[[#This Row],[income]],0) -> 0 | CP8: =IF(Table1[[#This Row],[County]]="Wiltshire",Table1[[#This Row],[income]],0) -> 0 | CQ8: =IF(Table1[[#This Row],[County]]="West Midlands",Table1[[#This Row],[income]],0) -> 0 | CR8: =IF(Table1[[#This Row],[County]]="Warwickshire",Table1[[#This Row],[income]],0) -> 0 | CS8: =IF(Table1[[#This Row],[County]]="Tyne and Wear",Table1[[#This Row],[income]],0) -> 0 | CT8: =IF(Table1[[#This Row],[County]]="Worcestershire",Table1[[#This Row],[income]],0) -> 0 | CU8: =IF(Table1[[#This Row],[County]]="Rutland",Table1[[#This Row],[income]],0) -> 0 | CV8: =IF(Table1[[#This Row],[County]]="Shropshire",Table1[[#This Row],[income]],0) -> 0 | CW8: =IF(Table1[[#This Row],[County]]="Dorset",Table1[[#This Row],[income]],0) -> 0 | CX8: =IF(Table1[[#This Row],[County]]="Buckinghamshire",Table1[[#This Row],[income]],0) -> 0 | CY8: =IF(Table1[[#This Row],[County]]="Suffolk",Table1[[#This Row],[income]],0) -> 0 | CZ8: =IF(Table1[[#This Row],[County]]="North Yorkshire",Table1[[#This Row],[income]],0) -> 0 | DA8: =IF(Table1[[#This Row],[County]]="Kent",Table1[[#This Row],[income]],0) -> 0 | DB8: =IF(Table1[[#This Row],[County]]="Derbyshire",Table1[[#This Row],[income]],0) -> 0 | DD8: =IF(Table1[[#This Row],[Column1]]="Health",Table1[[#This Row],[income]],0) -> 0 | DE8: =IF(Table1[[#This Row],[Column1]]="Agriculture",Table1[[#This Row],[income]],0) -> 48868 | DF8: =IF(Table1[[#This Row],[Column1]]="Technology",Table1[[#This Row],[income]],0) -> 0 | DG8: =IF(Table1[[#This Row],[Column1]]="Social Service",Table1[[#This Row],[income]],0) -> 0 | DH8: =IF(Table1[[#This Row],[Column1]]="Education",Table1[[#This Row],[income]],0) -> 0 | DI8: =IF(Table1[[#This Row],[Column1]]="Construction",Table1[[#This Row],[income]],0) -> 0 | DK8: =IF(Table1[[#This Row],[Value of Debts]]>Table1[[#This Row],[income]],1,0) -> 0 | DP8: =IF(Table1[[#This Row],[Net Worth (£)]]>$DS$5,C8,0) -> 25
A9: =RANDBETWEEN(1,2) -> 1 | B9: =IF(A9=1, "men", "women") -> men | C9: =RANDBETWEEN(25,50) -> 44 | D9: =RANDBETWEEN(1,6) -> 1 | E9: =VLOOKUP(D9,$W$5:$X$10,2) -> Health | F9: =RANDBETWEEN(1,5) -> 1 | G9: =VLOOKUP(F9,$Y$5:$Z$9,2) -> High School | H9: =RANDBETWEEN(0,4) -> 4 | I9: =RANDBETWEEN(1,3) -> 3 | J9: =RANDBETWEEN(30000,100000) -> 57830 | K9: =RANDBETWEEN(1,48) -> 45 | L9: =VLOOKUP(K9,$AA$5:$AB$52,2) -> West Sussex | M9: =J9*(RANDBETWEEN(2,5)) -> 289150 | N9: =RAND()*M9 -> 57797.404 | O9: =I9*RAND()*J9 -> 118933.49 | P9: =RANDBETWEEN(0,O9) -> 36395 | Q9: =RAND()*J9*2 -> 95846.65 | R9: =RAND()*J9*1.5 -> 39381.92 | S9: =J9+R9+O9 -> 216145.41 | T9: =N9+P9+Q9 -> 190039.05 | U9: =S9-T9 -> 26106.354 | W9: 5 | X9: Social Service | Y9: 5 | Z9: Other | AA9: 5 | AB9: Cambridgeshire | AC9: =IF(Table1[[#This Row],[gender]]="men",1,0) -> 1 | AD9: =IF(Table1[[#This Row],[gender]]="women",1,0) -> 0 | AJ9: =IF(Table1[[#This Row],[Column1]]="Health",1,0) -> 1 | AK9: =IF(Table1[[#This Row],[Column1]]="Construction",1,0) -> 0 | AL9: =IF(Table1[[#This Row],[Column1]]="Technology",1,0) -> 0 | AM9: =IF(Table1[[#This Row],[Column1]]="Education",1,0) -> 0 | AN9: =IF(Table1[[#This Row],[Column1]]="Agriculture",1,0) -> 0 | AO9: =IF(Table1[[#This Row],[Column1]]="Social Service", 1, 0) -> 0 | AV9: =(O10/I10) -> 30421.163 | AX9: =IF(Table1[[#This Row],[Value of Debts]]>$AY$4,1,0) -> 1 | BB9: =Table1[[#This Row],[Mortage Left]]/Table1[[#This Row],[Value of House]] -> 0.19988727 | BC9: =IF(BB9<$BD$4,1,0) -> 1 | BG9: =IF(Table1[[#This Row],[County]]="Cumbria",Table1[[#This Row],[income]],0) -> 0 | BH9: =IF(Table1[[#This Row],[County]]="Cheshire",Table1[[#This Row],[income]],0) -> 0 | BI9: =IF(Table1[[#This Row],[County]]="Bristol",Table1[[#This Row],[income]],0) -> 0 | BJ9: =IF(Table1[[#This Row],[County]]="Surrey",Table1[[#This Row],[income]],0) -> 0 | BK9: =IF(Table1[[#This Row],[County]]="Norfolk",Table1[[#This Row],[income]],0) -> 0 | BL9: =IF(Table1[[#This Row],[County]]="Lincolnshire",Table1[[#This Row],[income]],0) -> 0 | BM9: =IF(Table1[[#This Row],[County]]="Somerset",Table1[[#This Row],[income]],0) -> 0 | BN9: =IF(Table1[[#This Row],[County]]="Cambridgeshire",Table1[[#This Row],[income]],0) -> 0 | BO9: =IF(Table1[[#This Row],[County]]="South Yorkshire",Table1[[#This Row],[income]],0) -> 0 | BP9: =IF(Table1[[#This Row],[County]]="Greater London",Table1[[#This Row],[income]],0) -> 0 | BQ9: =IF(Table1[[#This Row],[County]]="Hampshire",Table1[[#This Row],[income]],0) -> 0 | BR9: =IF(Table1[[#This Row],[County]]="Gloucestershire",Table1[[#This Row],[income]],0) -> 0 | BS9: =IF(Table1[[#This Row],[County]]="West Sussex",Table1[[#This Row],[income]],0) -> 57830 | BT9: =IF(Table1[[#This Row],[County]]="Devon",Table1[[#This Row],[income]],0) -> 0 | BU9: =IF(Table1[[#This Row],[County]]="Berkshire",Table1[[#This Row],[income]],0) -> 0 | BV9: =IF(Table1[[#This Row],[County]]="Staffordshire",Table1[[#This Row],[income]],0) -> 0 | BW9: =IF(Table1[[#This Row],[County]]="Leicestershire",Table1[[#This Row],[income]],0) -> 0 | BX9: =IF(Table1[[#This Row],[County]]="Cornwall",Table1[[#This Row],[income]],0) -> 0 | BY9: =IF(Table1[[#This Row],[County]]="Isle of Wight",Table1[[#This Row],[income]],0) -> 0 | BZ9: =IF(Table1[[#This Row],[County]]="Surrey",Table1[[#This Row],[income]],0) -> 0 | CA9: =IF(Table1[[#This Row],[County]]="Derbyshire",Table1[[#This Row],[income]],0) -> 0 | CB9: =IF(Table1[[#This Row],[County]]="City of London",Table1[[#This Row],[income]],0) -> 0 | CC9: =IF(Table1[[#This Row],[County]]="Bedfordshire",Table1[[#This Row],[income]],0) -> 0 | CD9: =IF(Table1[[#This Row],[County]]="County Durham",Table1[[#This Row],[income]],0) -> 0 | CE9: =IF(Table1[[#This Row],[County]]="East Riding of Yorkshire",Table1[[#This Row],[income]],0) -> 0 | CF9: =IF(Table1[[#This Row],[County]]="West Yorkshire",Table1[[#This Row],[income]],0) -> 0 | CG9: =IF(Table1[[#This Row],[County]]="Essex",Table1[[#This Row],[income]],0) -> 0 | CH9: =IF(Table1[[#This Row],[County]]="East Sussex",Table1[[#This Row],[income]],0) -> 0 | CI9: =IF(Table1[[#This Row],[County]]="Greater Manchester",Table1[[#This Row],[income]],0) -> 0 | CJ9: =IF(Table1[[#This Row],[County]]="Hertfordshire",Table1[[#This Row],[income]],0) -> 0 | CK9: =IF(Table1[[#This Row],[County]]="Herefordshire",Table1[[#This Row],[income]],0) -> 0 | CL9: =IF(Table1[[#This Row],[County]]="Lancashire",Table1[[#This Row],[income]],0) -> 0 | CM9: =IF(Table1[[#This Row],[County]]="Merseyside",Table1[[#This Row],[income]],0) -> 0 | CN9: =IF(Table1[[#This Row],[County]]="Northamptonshire",Table1[[#This Row],[income]],0) -> 0 | CO9: =IF(Table1[[#This Row],[County]]="Northumberland",Table1[[#This Row],[income]],0) -> 0 | CP9: =IF(Table1[[#This Row],[County]]="Wiltshire",Table1[[#This Row],[income]],0) -> 0 | CQ9: =IF(Table1[[#This Row],[County]]="West Midlands",Table1[[#This Row],[income]],0) -> 0 | CR9: =IF(Table1[[#This Row],[County]]="Warwickshire",Table1[[#This Row],[income]],0) -> 0 | CS9: =IF(Table1[[#This Row],[County]]="Tyne and Wear",Table1[[#This Row],[income]],0) -> 0 | CT9: =IF(Table1[[#This Row],[County]]="Worcestershire",Table1[[#This Row],[income]],0) -> 0 | CU9: =IF(Table1[[#This Row],[County]]="Rutland",Table1[[#This Row],[income]],0) -> 0 | CV9: =IF(Table1[[#This Row],[County]]="Shropshire",Table1[[#This Row],[income]],0) -> 0 | CW9: =IF(Table1[[#This Row],[County]]="Dorset",Table1[[#This Row],[income]],0) -> 0 | CX9: =IF(Table1[[#This Row],[County]]="Buckinghamshire",Table1[[#This Row],[income]],0) -> 0 | CY9: =IF(Table1[[#This Row],[County]]="Suffolk",Table1[[#This Row],[income]],0) -> 0 | CZ9: =IF(Table1[[#This Row],[County]]="North Yorkshire",Table1[[#This Row],[income]],0) -> 0 | DA9: =IF(Table1[[#This Row],[County]]="Kent",Table1[[#This Row],[income]],0) -> 0 | DB9: =IF(Table1[[#This Row],[County]]="Derbyshire",Table1[[#This Row],[income]],0) -> 0 | DD9: =IF(Table1[[#This Row],[Column1]]="Health",Table1[[#This Row],[income]],0) -> 57830 | DE9: =IF(Table1[[#This Row],[Column1]]="Agriculture",Table1[[#This Row],[income]],0) -> 0 | DF9: =IF(Table1[[#This Row],[Column1]]="Technology",Table1[[#This Row],[income]],0) -> 0 | DG9: =IF(Table1[[#This Row],[Column1]]="Social Service",Table1[[#This Row],[income]],0) -> 0 | DH9: =IF(Table1[[#This Row],[Column1]]="Education",Table1[[#This Row],[income]],0) -> 0 | DI9: =IF(Table1[[#This Row],[Column1]]="Construction",Table1[[#This Row],[income]],0) -> 0 | DK9: =IF(Table1[[#This Row],[Value of Debts]]>Table1[[#This Row],[income]],1,0) -> 1 | DP9: =IF(Table1[[#This Row],[Net Worth (£)]]>$DS$5,C9,0) -> 0
A10: =RANDBETWEEN(1,2) -> 1 | B10: =IF(A10=1, "men", "women") -> men | C10: =RANDBETWEEN(25,50) -> 50 | D10: =RANDBETWEEN(1,6) -> 6 | E10: =VLOOKUP(D10,$W$5:$X$10,2) -> Agriculture | F10: =RANDBETWEEN(1,5) -> 5 | G10: =VLOOKUP(F10,$Y$5:$Z$9,2) -> Other | H10: =RANDBETWEEN(0,4) -> 1 | I10: =RANDBETWEEN(1,3) -> 3 | J10: =RANDBETWEEN(30000,100000) -> 79805 | K10: =RANDBETWEEN(1,48) -> 44 | L10: =VLOOKUP(K10,$AA$5:$AB$52,2) -> West Midlands | M10: =J10*(RANDBETWEEN(2,5)) -> 159610 | N10: =RAND()*M10 -> 123365.78 | O10: =I10*RAND()*J10 -> 91263.489 | P10: =RANDBETWEEN(0,O10) -> 6964 | Q10: =RAND()*J10*2 -> 8009.7784 | R10: =RAND()*J10*1.5 -> 62221.675 | S10: =J10+R10+O10 -> 233290.16 | T10: =N10+P10+Q10 -> 138339.55 | U10: =S10-T10 -> 94950.61 | W10: 6 | X10: Agriculture | AA10: 6 | AB10: Cheshire | AC10: =IF(Table1[[#This Row],[gender]]="men",1,0) -> 1 | AD10: =IF(Table1[[#This Row],[gender]]="women",1,0) -> 0 | AJ10: =IF(Table1[[#This Row],[Column1]]="Health",1,0) -> 0 | AK10: =IF(Table1[[#This Row],[Column1]]="Construction",1,0) -> 0 | AL10: =IF(Table1[[#This Row],[Column1]]="Technology",1,0) -> 0 | AM10: =IF(Table1[[#This Row],[Column1]]="Education",1,0) -> 0 | AN10: =IF(Table1[[#This Row],[Column1]]="Agriculture",1,0) -> 1 | AO10: =IF(Table1[[#This Row],[Column1]]="Social Service", 1, 0) -> 0 | AV10: =(O11/I11) -> 4252.9765 | AX10: =IF(Table1[[#This Row],[Value of Debts]]>$AY$4,1,0) -> 1 | BB10: =Table1[[#This Row],[Mortage Left]]/Table1[[#This Row],[Value of House]] -> 0.77292009 | BC10: =IF(BB10<$BD$4,1,0) -> 0 | BG10: =IF(Table1[[#This Row],[County]]="Cumbria",Table1[[#This Row],[income]],0) -> 0 | BH10: =IF(Table1[[#This Row],[County]]="Cheshire",Table1[[#This Row],[income]],0) -> 0 | BI10: =IF(Table1[[#This Row],[County]]="Bristol",Table1[[#This Row],[income]],0) -> 0 | BJ10: =IF(Table1[[#This Row],[County]]="Surrey",Table1[[#This Row],[income]],0) -> 0 | BK10: =IF(Table1[[#This Row],[County]]="Norfolk",Table1[[#This Row],[income]],0) -> 0 | BL10: =IF(Table1[[#This Row],[County]]="Lincolnshire",Table1[[#This Row],[income]],0) -> 0 | BM10: =IF(Table1[[#This Row],[County]]="Somerset",Table1[[#This Row],[income]],0) -> 0 | BN10: =IF(Table1[[#This Row],[County]]="Cambridgeshire",Table1[[#This Row],[income]],0) -> 0 | BO10: =IF(Table1[[#This Row],[County]]="South Yorkshire",Table1[[#This Row],[income]],0) -> 0 | BP10: =IF(Table1[[#This Row],[County]]="Greater London",Table1[[#This Row],[income]],0) -> 0 | BQ10: =IF(Table1[[#This Row],[County]]="Hampshire",Table1[[#This Row],[income]],0) -> 0 | BR10: =IF(Table1[[#This Row],[County]]="Gloucestershire",Table1[[#This Row],[income]],0) -> 0 | BS10: =IF(Table1[[#This Row],[County]]="West Sussex",Table1[[#This Row],[income]],0) -> 0 | BT10: =IF(Table1[[#This Row],[County]]="Devon",Table1[[#This Row],[income]],0) -> 0 | BU10: =IF(Table1[[#This Row],[County]]="Berkshire",Table1[[#This Row],[income]],0) -> 0 | BV10: =IF(Table1[[#This Row],[County]]="Staffordshire",Table1[[#This Row],[income]],0) -> 0 | BW10: =IF(Table1[[#This Row],[County]]="Leicestershire",Table1[[#This Row],[income]],0) -> 0 | BX10: =IF(Table1[[#This Row],[County]]="Cornwall",Table1[[#This Row],[income]],0) -> 0 | BY10: =IF(Table1[[#This Row],[County]]="Isle of Wight",Table1[[#This Row],[income]],0) -> 0 | BZ10: =IF(Table1[[#This Row],[County]]="Surrey",Table1[[#This Row],[income]],0) -> 0 | CA10: =IF(Table1[[#This Row],[County]]="Derbyshire",Table1[[#This Row],[income]],0) -> 0 | CB10: =IF(Table1[[#This Row],[County]]="City of London",Table1[[#This Row],[income]],0) -> 0 | CC10: =IF(Table1[[#This Row],[County]]="Bedfordshire",Table1[[#This Row],[income]],0) -> 0 | CD10: =IF(Table1[[#This Row],[County]]="County Durham",Table1[[#This Row],[income]],0) -> 0 | CE10: =IF(Table1[[#This Row],[County]]="East Riding of Yorkshire",Table1[[#This Row],[income]],0) -> 0 | CF10: =IF(Table1[[#This Row],[County]]="West Yorkshire",Table1[[#This Row],[income]],0) -> 0 | CG10: =IF(Table1[[#This Row],[County]]="Essex",Table1[[#This Row],[income]],0) -> 0 | CH10: =IF(Table1[[#This Row],[County]]="East Sussex",Table1[[#This Row],[income]],0) -> 0 | CI10: =IF(Table1[[#This Row],[County]]="Greater Manchester",Table1[[#This Row],[income]],0) -> 0 | CJ10: =IF(Table1[[#This Row],[County]]="Hertfordshire",Table1[[#This Row],[income]],0) -> 0 | CK10: =IF(Table1[[#This Row],[County]]="Herefordshire",Table1[[#This Row],[income]],0) -> 0 | CL10: =IF(Table1[[#This Row],[County]]="Lancashire",Table1[[#This Row],[income]],0) -> 0 | CM10: =IF(Table1[[#This Row],[County]]="Merseyside",Table1[[#This Row],[income]],0) -> 0 | CN10: =IF(Table1[[#This Row],[County]]="Northamptonshire",Table1[[#This Row],[income]],0) -> 0 | CO10: =IF(Table1[[#This Row],[County]]="Northumberland",Table1[[#This Row],[income]],0) -> 0 | CP10: =IF(Table1[[#This Row],[County]]="Wiltshire",Table1[[#This Row],[income]],0) -> 0 | CQ10: =IF(Table1[[#This Row],[County]]="West Midlands",Table1[[#This Row],[income]],0) -> 79805 | CR10: =IF(Table1[[#This Row],[County]]="Warwickshire",Table1[[#This Row],[income]],0) -> 0 | CS10: =IF(Table1[[#This Row],[County]]="Tyne and Wear",Table1[[#This Row],[income]],0) -> 0 | CT10: =IF(Table1[[#This Row],[County]]="Worcestershire",Table1[[#This Row],[income]],0) -> 0 | CU10: =IF(Table1[[#This Row],[County]]="Rutland",Table1[[#This Row],[income]],0) -> 0 | CV10: =IF(Table1[[#This Row],[County]]="Shropshire",Table1[[#This Row],[income]],0) -> 0 | CW10: =IF(Table1[[#This Row],[County]]="Dorset",Table1[[#This Row],[income]],0) -> 0 | CX10: =IF(Table1[[#This Row],[County]]="Buckinghamshire",Table1[[#This Row],[income]],0) -> 0 | CY10: =IF(Table1[[#This Row],[County]]="Suffolk",Table1[[#This Row],[income]],0) -> 0 | CZ10: =IF(Table1[[#This Row],[County]]="North Yorkshire",Table1[[#This Row],[income]],0) -> 0 | DA10: =IF(Table1[[#This Row],[County]]="Kent",Table1[[#This Row],[income]],0) -> 0 | DB10: =IF(Table1[[#This Row],[County]]="Derbyshire",Table1[[#This Row],[income]],0) -> 0 | DD10: =IF(Table1[[#This Row],[Column1]]="Health",Table1[[#This Row],[income]],0) -> 0 | DE10: =IF(Table1[[#This Row],[Column1]]="Agriculture",Table1[[#This Row],[income]],0) -> 79805 | DF10: =IF(Table1[[#This Row],[Column1]]="Technology",Table1[[#This Row],[income]],0) -> 0 | DG10: =IF(Table1[[#This Row],[Column1]]="Social Service",Table1[[#This Row],[income]],0) -> 0 | DH10: =IF(Table1[[#This Row],[Column1]]="Education",Table1[[#This Row],[income]],0) -> 0 | DI10: =IF(Table1[[#This Row],[Column1]]="Construction",Table1[[#This Row],[income]],0) -> 0 | DK10: =IF(Table1[[#This Row],[Value of Debts]]>Table1[[#This Row],[income]],1,0) -> 1 | DP10: =IF(Table1[[#This Row],[Net Worth (£)]]>$DS$5,C10,0) -> 50
A11: =RANDBETWEEN(1,2) -> 2 | B11: =IF(A11=1, "men", "women") -> women | C11: =RANDBETWEEN(25,50) -> 30 | D11: =RANDBETWEEN(1,6) -> 3 | E11: =VLOOKUP(D11,$W$5:$X$10,2) -> Education | F11: =RANDBETWEEN(1,5) -> 2 | G11: =VLOOKUP(F11,$Y$5:$Z$9,2) -> College | H11: =RANDBETWEEN(0,4) -> 3 | I11: =RANDBETWEEN(1,3) -> 3 | J11: =RANDBETWEEN(30000,100000) -> 80518 | K11: =RANDBETWEEN(1,48) -> 43 | L11: =VLOOKUP(K11,$AA$5:$AB$52,2) -> Warwickshire | M11: =J11*(RANDBETWEEN(2,5)) -> 161036 | N11: =RAND()*M11 -> 138535.83 | O11: =I11*RAND()*J11 -> 12758.929 | P11: =RANDBETWEEN(0,O11) -> 10499 | Q11: =RAND()*J11*2 -> 76780.564 | R11: =RAND()*J11*1.5 -> 27993.553 | S11: =J11+R11+O11 -> 121270.48 | T11: =N11+P11+Q11 -> 225815.39 | U11: =S11-T11 -> -104544.91 | AA11: 7 | AB11: City of London | AC11: =IF(Table1[[#This Row],[gender]]="men",1,0) -> 0 | AD11: =IF(Table1[[#This Row],[gender]]="women",1,0) -> 1 | AJ11: =IF(Table1[[#This Row],[Column1]]="Health",1,0) -> 0 | AK11: =IF(Table1[[#This Row],[Column1]]="Construction",1,0) -> 0 | AL11: =IF(Table1[[#This Row],[Column1]]="Technology",1,0) -> 0 | AM11: =IF(Table1[[#This Row],[Column1]]="Education",1,0) -> 1 | AN11: =IF(Table1[[#This Row],[Column1]]="Agriculture",1,0) -> 0 | AO11: =IF(Table1[[#This Row],[Column1]]="Social Service", 1, 0) -> 0 | AV11: =(O12/I12) -> 50980.657 | AX11: =IF(Table1[[#This Row],[Value of Debts]]>$AY$4,1,0) -> 1 | BB11: =Table1[[#This Row],[Mortage Left]]/Table1[[#This Row],[Value of House]] -> 0.86027862 | BC11: =IF(BB11<$BD$4,1,0) -> 0 | BG11: =IF(Table1[[#This Row],[County]]="Cumbria",Table1[[#This Row],[income]],0) -> 0 | BH11: =IF(Table1[[#This Row],[County]]="Cheshire",Table1[[#This Row],[income]],0) -> 0 | BI11: =IF(Table1[[#This Row],[County]]="Bristol",Table1[[#This Row],[income]],0) -> 0 | BJ11: =IF(Table1[[#This Row],[County]]="Surrey",Table1[[#This Row],[income]],0) -> 0 | BK11: =IF(Table1[[#This Row],[County]]="Norfolk",Table1[[#This Row],[income]],0) -> 0 | BL11: =IF(Table1[[#This Row],[County]]="Lincolnshire",Table1[[#This Row],[income]],0) -> 0 | BM11: =IF(Table1[[#This Row],[County]]="Somerset",Table1[[#This Row],[income]],0) -> 0 | BN11: =IF(Table1[[#This Row],[County]]="Cambridgeshire",Table1[[#This Row],[income]],0) -> 0 | BO11: =IF(Table1[[#This Row],[County]]="South Yorkshire",Table1[[#This Row],[income]],0) -> 0 | BP11: =IF(Table1[[#This Row],[County]]="Greater London",Table1[[#This Row],[income]],0) -> 0 | BQ11: =IF(Table1[[#This Row],[County]]="Hampshire",Table1[[#This Row],[income]],0) -> 0 | BR11: =IF(Table1[[#This Row],[County]]="Gloucestershire",Table1[[#This Row],[income]],0) -> 0 | BS11: =IF(Table1[[#This Row],[County]]="West Sussex",Table1[[#This Row],[income]],0) -> 0 | BT11: =IF(Table1[[#This Row],[County]]="Devon",Table1[[#This Row],[income]],0) -> 0 | BU11: =IF(Table1[[#This Row],[County]]="Berkshire",Table1[[#This Row],[income]],0) -> 0 | BV11: =IF(Table1[[#This Row],[County]]="Staffordshire",Table1[[#This Row],[income]],0) -> 0 | BW11: =IF(Table1[[#This Row],[County]]="Leicestershire",Table1[[#This Row],[income]],0) -> 0 | BX11: =IF(Table1[[#This Row],[County]]="Cornwall",Table1[[#This Row],[income]],0) -> 0 | BY11: =IF(Table1[[#This Row],[County]]="Isle of Wight",Table1[[#This Row],[income]],0) -> 0 | BZ11: =IF(Table1[[#This Row],[County]]="Surrey",Table1[[#This Row],[income]],0) -> 0 | CA11: =IF(Table1[[#This Row],[County]]="Derbyshire",Table1[[#This Row],[income]],0) -> 0 | CB11: =IF(Table1[[#This Row],[County]]="City of London",Table1[[#This Row],[income]],0) -> 0 | CC11: =IF(Table1[[#This Row],[County]]="Bedfordshire",Table1[[#This Row],[income]],0) -> 0 | CD11: =IF(Table1[[#This Row],[County]]="County Durham",Table1[[#This Row],[income]],0) -> 0 | CE11: =IF(Table1[[#This Row],[County]]="East Riding of Yorkshire",Table1[[#This Row],[income]],0) -> 0 | CF11: =IF(Table1[[#This Row],[County]]="West Yorkshire",Table1[[#This Row],[income]],0) -> 0 | CG11: =IF(Table1[[#This Row],[County]]="Essex",Table1[[#This Row],[income]],0) -> 0 | CH11: =IF(Table1[[#This Row],[County]]="East Sussex",Table1[[#This Row],[income]],0) -> 0 | CI11: =IF(Table1[[#This Row],[County]]="Greater Manchester",Table1[[#This Row],[income]],0) -> 0 | CJ11: =IF(Table1[[#This Row],[County]]="Hertfordshire",Table1[[#This Row],[income]],0) -> 0 | CK11: =IF(Table1[[#This Row],[County]]="Herefordshire",Table1[[#This Row],[income]],0) -> 0 | CL11: =IF(Table1[[#This Row],[County]]="Lancashire",Table1[[#This Row],[income]],0) -> 0 | CM11: =IF(Table1[[#This Row],[County]]="Merseyside",Table1[[#This Row],[income]],0) -> 0 | CN11: =IF(Table1[[#This Row],[County]]="Northamptonshire",Table1[[#This Row],[income]],0) -> 0 | CO11: =IF(Table1[[#This Row],[County]]="Northumberland",Table1[[#This Row],[income]],0) -> 0 | CP11: =IF(Table1[[#This Row],[County]]="Wiltshire",Table1[[#This Row],[income]],0) -> 0 | CQ11: =IF(Table1[[#This Row],[County]]="West Midlands",Table1[[#This Row],[income]],0) -> 0 | CR11: =IF(Table1[[#This Row],[County]]="Warwickshire",Table1[[#This Row],[income]],0) -> 80518 | CS11: =IF(Table1[[#This Row],[County]]="Tyne and Wear",Table1[[#This Row],[income]],0) -> 0 | CT11: =IF(Table1[[#This Row],[County]]="Worcestershire",Table1[[#This Row],[income]],0) -> 0 | CU11: =IF(Table1[[#This Row],[County]]="Rutland",Table1[[#This Row],[income]],0) -> 0 | CV11: =IF(Table1[[#This Row],[County]]="Shropshire",Table1[[#This Row],[income]],0) -> 0 | CW11: =IF(Table1[[#This Row],[County]]="Dorset",Table1[[#This Row],[income]],0) -> 0 | CX11: =IF(Table1[[#This Row],[County]]="Buckinghamshire",Table1[[#This Row],[income]],0) -> 0 | CY11: =IF(Table1[[#This Row],[County]]="Suffolk",Table1[[#This Row],[income]],0) -> 0 | CZ11: =IF(Table1[[#This Row],[County]]="North Yorkshire",Table1[[#This Row],[income]],0) -> 0 | DA11: =IF(Table1[[#This Row],[County]]="Kent",Table1[[#This Row],[income]],0) -> 0 | DB11: =IF(Table1[[#This Row],[County]]="Derbyshire",Table1[[#This Row],[income]],0) -> 0 | DD11: =IF(Table1[[#This Row],[Column1]]="Health",Table1[[#This Row],[income]],0) -> 0 | DE11: =IF(Table1[[#This Row],[Column1]]="Agriculture",Table1[[#This Row],[income]],0) -> 0 | DF11: =IF(Table1[[#This Row],[Column1]]="Technology",Table1[[#This Row],[income]],0) -> 0 | DG11: =IF(Table1[[#This Row],[Column1]]="Social Service",Table1[[#This Row],[income]],0) -> 0 | DH11: =IF(Table1[[#This Row],[Column1]]="Education",Table1[[#This Row],[income]],0) -> 80518 | DI11: =IF(Table1[[#This Row],[Column1]]="Construction",Table1[[#This Row],[income]],0) -> 0 | DK11: =IF(Table1[[#This Row],[Value of Debts]]>Table1[[#This Row],[income]],1,0) -> 1 | DP11: =IF(Table1[[#This Row],[Net Worth (£)]]>$DS$5,C11,0) -> 0
A12: =RANDBETWEEN(1,2) -> 1 | B12: =IF(A12=1, "men", "women") -> men | C12: =RANDBETWEEN(25,50) -> 25 | D12: =RANDBETWEEN(1,6) -> 4 | E12: =VLOOKUP(D12,$W$5:$X$10,2) -> Technology | F12: =RANDBETWEEN(1,5) -> 4 | G12: =VLOOKUP(F12,$Y$5:$Z$9,2) -> Technical | H12: =RANDBETWEEN(0,4) -> 1 | I12: =RANDBETWEEN(1,3) -> 2 | J12: =RANDBETWEEN(30000,100000) -> 81204 | K12: =RANDBETWEEN(1,48) -> 28 | L12: =VLOOKUP(K12,$AA$5:$AB$52,2) -> Lincolnshire | M12: =J12*(RANDBETWEEN(2,5)) -> 162408 | N12: =RAND()*M12 -> 6855.2264 | O12: =I12*RAND()*J12 -> 101961.31 | P12: =RANDBETWEEN(0,O12) -> 53410 | Q12: =RAND()*J12*2 -> 82184.039 | R12: =RAND()*J12*1.5 -> 68255.562 | S12: =J12+R12+O12 -> 251420.88 | T12: =N12+P12+Q12 -> 142449.27 | U12: =S12-T12 -> 108971.61 | AA12: 8 | AB12: Cornwall | AC12: =IF(Table1[[#This Row],[gender]]="men",1,0) -> 1 | AD12: =IF(Table1[[#This Row],[gender]]="women",1,0) -> 0 | AJ12: =IF(Table1[[#This Row],[Column1]]="Health",1,0) -> 0 | AK12: =IF(Table1[[#This Row],[Column1]]="Construction",1,0) -> 0 | AL12: =IF(Table1[[#This Row],[Column1]]="Technology",1,0) -> 1 | AM12: =IF(Table1[[#This Row],[Column1]]="Education",1,0) -> 0 | AN12: =IF(Table1[[#This Row],[Column1]]="Agriculture",1,0) -> 0 | AO12: =IF(Table1[[#This Row],[Column1]]="Social Service", 1, 0) -> 0 | AV12: =(O13/I13) -> 86747.808 | AX12: =IF(Table1[[#This Row],[Value of Debts]]>$AY$4,1,0) -> 1 | BB12: =Table1[[#This Row],[Mortage Left]]/Table1[[#This Row],[Value of House]] -> 0.042209906 | BC12: =IF(BB12<$BD$4,1,0) -> 1 | BG12: =IF(Table1[[#This Row],[County]]="Cumbria",Table1[[#This Row],[income]],0) -> 0 | BH12: =IF(Table1[[#This Row],[County]]="Cheshire",Table1[[#This Row],[income]],0) -> 0 | BI12: =IF(Table1[[#This Row],[County]]="Bristol",Table1[[#This Row],[income]],0) -> 0 | BJ12: =IF(Table1[[#This Row],[County]]="Surrey",Table1[[#This Row],[income]],0) -> 0 | BK12: =IF(Table1[[#This Row],[County]]="Norfolk",Table1[[#This Row],[income]],0) -> 0 | BL12: =IF(Table1[[#This Row],[County]]="Lincolnshire",Table1[[#This Row],[income]],0) -> 81204 | BM12: =IF(Table1[[#This Row],[County]]="Somerset",Table1[[#This Row],[income]],0) -> 0 | BN12: =IF(Table1[[#This Row],[County]]="Cambridgeshire",Table1[[#This Row],[income]],0) -> 0 | BO12: =IF(Table1[[#This Row],[County]]="South Yorkshire",Table1[[#This Row],[income]],0) -> 0 | BP12: =IF(Table1[[#This Row],[County]]="Greater London",Table1[[#This Row],[income]],0) -> 0 | BQ12: =IF(Table1[[#This Row],[County]]="Hampshire",Table1[[#This Row],[income]],0) -> 0 | BR12: =IF(Table1[[#This Row],[County]]="Gloucestershire",Table1[[#This Row],[income]],0) -> 0 | BS12: =IF(Table1[[#This Row],[County]]="West Sussex",Table1[[#This Row],[income]],0) -> 0 | BT12: =IF(Table1[[#This Row],[County]]="Devon",Table1[[#This Row],[income]],0) -> 0 | BU12: =IF(Table1[[#This Row],[County]]="Berkshire",Table1[[#This Row],[income]],0) -> 0 | BV12: =IF(Table1[[#This Row],[County]]="Staffordshire",Table1[[#This Row],[income]],0) -> 0 | BW12: =IF(Table1[[#This Row],[County]]="Leicestershire",Table1[[#This Row],[income]],0) -> 0 | BX12: =IF(Table1[[#This Row],[County]]="Cornwall",Table1[[#This Row],[income]],0) -> 0 | BY12: =IF(Table1[[#This Row],[County]]="Isle of Wight",Table1[[#This Row],[income]],0) -> 0 | BZ12: =IF(Table1[[#This Row],[County]]="Surrey",Table1[[#This Row],[income]],0) -> 0 | CA12: =IF(Table1[[#This Row],[County]]="Derbyshire",Table1[[#This Row],[income]],0) -> 0 | CB12: =IF(Table1[[#This Row],[County]]="City of London",Table1[[#This Row],[income]],0) -> 0 | CC12: =IF(Table1[[#This Row],[County]]="Bedfordshire",Table1[[#This Row],[income]],0) -> 0 | CD12: =IF(Table1[[#This Row],[County]]="County Durham",Table1[[#This Row],[income]],0) -> 0 | CE12: =IF(Table1[[#This Row],[County]]="East Riding of Yorkshire",Table1[[#This Row],[income]],0) -> 0 | CF12: =IF(Table1[[#This Row],[County]]="West Yorkshire",Table1[[#This Row],[income]],0) -> 0 | CG12: =IF(Table1[[#This Row],[County]]="Essex",Table1[[#This Row],[income]],0) -> 0 | CH12: =IF(Table1[[#This Row],[County]]="East Sussex",Table1[[#This Row],[income]],0) -> 0 | CI12: =IF(Table1[[#This Row],[County]]="Greater Manchester",Table1[[#This Row],[income]],0) -> 0 | CJ12: =IF(Table1[[#This Row],[County]]="Hertfordshire",Table1[[#This Row],[income]],0) -> 0 | CK12: =IF(Table1[[#This Row],[County]]="Herefordshire",Table1[[#This Row],[income]],0) -> 0 | CL12: =IF(Table1[[#This Row],[County]]="Lancashire",Table1[[#This Row],[income]],0) -> 0 | CM12: =IF(Table1[[#This Row],[County]]="Merseyside",Table1[[#This Row],[income]],0) -> 0 | CN12: =IF(Table1[[#This Row],[County]]="Northamptonshire",Table1[[#This Row],[income]],0) -> 0 | CO12: =IF(Table1[[#This Row],[County]]="Northumberland",Table1[[#This Row],[income]],0) -> 0 | CP12: =IF(Table1[[#This Row],[County]]="Wiltshire",Table1[[#This Row],[income]],0) -> 0 | CQ12: =IF(Table1[[#This Row],[County]]="West Midlands",Table1[[#This Row],[income]],0) -> 0 | CR12: =IF(Table1[[#This Row],[County]]="Warwickshire",Table1[[#This Row],[income]],0) -> 0 | CS12: =IF(Table1[[#This Row],[County]]="Tyne and Wear",Table1[[#This Row],[income]],0) -> 0 | CT12: =IF(Table1[[#This Row],[County]]="Worcestershire",Table1[[#This Row],[income]],0) -> 0 | CU12: =IF(Table1[[#This Row],[County]]="Rutland",Table1[[#This Row],[income]],0) -> 0 | CV12: =IF(Table1[[#This Row],[County]]="Shropshire",Table1[[#This Row],[income]],0) -> 0 | CW12: =IF(Table1[[#This Row],[County]]="Dorset",Table1[[#This Row],[income]],0) -> 0 | CX12: =IF(Table1[[#This Row],[County]]="Buckinghamshire",Table1[[#This Row],[income]],0) -> 0 | CY12: =IF(Table1[[#This Row],[County]]="Suffolk",Table1[[#This Row],[income]],0) -> 0 | CZ12: =IF(Table1[[#This Row],[County]]="North Yorkshire",Table1[[#This Row],[income]],0) -> 0 | DA12: =IF(Table1[[#This Row],[County]]="Kent",Table1[[#This Row],[income]],0) -> 0 | DB12: =IF(Table1[[#This Row],[County]]="Derbyshire",Table1[[#This Row],[income]],0) -> 0 | DD12: =IF(Table1[[#This Row],[Column1]]="Health",Table1[[#This Row],[income]],0) -> 0 | DE12: =IF(Table1[[#This Row],[Column1]]="Agriculture",Table1[[#This Row],[income]],0) -> 0 | DF12: =IF(Table1[[#This Row],[Column1]]="Technology",Table1[[#This Row],[income]],0) -> 81204 | DG12: =IF(Table1[[#This Row],[Column1]]="Social Service",Table1[[#This Row],[income]],0) -> 0 | DH12: =IF(Table1[[#This Row],[Column1]]="Education",Table1[[#This Row],[income]],0) -> 0 | DI12: =IF(Table1[[#This Row],[Column1]]="Construction",Table1[[#This Row],[income]],0) -> 0 | DK12: =IF(Table1[[#This Row],[Value of Debts]]>Table1[[#This Row],[income]],1,0) -> 1 | DP12: =IF(Table1[[#This Row],[Net Worth (£)]]>$DS$5,C12,0) -> 25
A13: =RANDBETWEEN(1,2) -> 2 | B13: =IF(A13=1, "men", "women") -> women | C13: =RANDBETWEEN(25,50) -> 26 | D13: =RANDBETWEEN(1,6) -> 1 | E13: =VLOOKUP(D13,$W$5:$X$10,2) -> Health | F13: =RANDBETWEEN(1,5) -> 1 | G13: =VLOOKUP(F13,$Y$5:$Z$9,2) -> High School | H13: =RANDBETWEEN(0,4) -> 0 | I13: =RANDBETWEEN(1,3) -> 2 | J13: =RANDBETWEEN(30000,100000) -> 92059 | K13: =RANDBETWEEN(1,48) -> 17 | L13: =VLOOKUP(K13,$AA$5:$AB$52,2) -> Gloucestershire | M13: =J13*(RANDBETWEEN(2,5)) -> 184118 | N13: =RAND()*M13 -> 178968.61 | O13: =I13*RAND()*J13 -> 173495.62 | P13: =RANDBETWEEN(0,O13) -> 142849 | Q13: =RAND()*J13*2 -> 24398.396 | R13: =RAND()*J13*1.5 -> 71893.698 | S13: =J13+R13+O13 -> 337448.31 | T13: =N13+P13+Q13 -> 346216.01 | U13: =S13-T13 -> -8767.6927 | AA13: 9 | AB13: Cumbria | AC13: =IF(Table1[[#This Row],[gender]]="men",1,0) -> 0 | AD13: =IF(Table1[[#This Row],[gender]]="women",1,0) -> 1 | AJ13: =IF(Table1[[#This Row],[Column1]]="Health",1,0) -> 1 | AK13: =IF(Table1[[#This Row],[Column1]]="Construction",1,0) -> 0 | AL13: =IF(Table1[[#This Row],[Column1]]="Technology",1,0) -> 0 | AM13: =IF(Table1[[#This Row],[Column1]]="Education",1,0) -> 0 | AN13: =IF(Table1[[#This Row],[Column1]]="Agriculture",1,0) -> 0 | AO13: =IF(Table1[[#This Row],[Column1]]="Social Service", 1, 0) -> 0 | AV13: =(O14/I14) -> 10589.312 | AX13: =IF(Table1[[#This Row],[Value of Debts]]>$AY$4,1,0) -> 1 | BB13: =Table1[[#This Row],[Mortage Left]]/Table1[[#This Row],[Value of House]] -> 0.97203213 | BC13: =IF(BB13<$BD$4,1,0) -> 0 | BG13: =IF(Table1[[#This Row],[County]]="Cumbria",Table1[[#This Row],[income]],0) -> 0 | BH13: =IF(Table1[[#This Row],[County]]="Cheshire",Table1[[#This Row],[income]],0) -> 0 | BI13: =IF(Table1[[#This Row],[County]]="Bristol",Table1[[#This Row],[income]],0) -> 0 | BJ13: =IF(Table1[[#This Row],[County]]="Surrey",Table1[[#This Row],[income]],0) -> 0 | BK13: =IF(Table1[[#This Row],[County]]="Norfolk",Table1[[#This Row],[income]],0) -> 0 | BL13: =IF(Table1[[#This Row],[County]]="Lincolnshire",Table1[[#This Row],[income]],0) -> 0 | BM13: =IF(Table1[[#This Row],[County]]="Somerset",Table1[[#This Row],[income]],0) -> 0 | BN13: =IF(Table1[[#This Row],[County]]="Cambridgeshire",Table1[[#This Row],[income]],0) -> 0 | BO13: =IF(Table1[[#This Row],[County]]="South Yorkshire",Table1[[#This Row],[income]],0) -> 0 | BP13: =IF(Table1[[#This Row],[County]]="Greater London",Table1[[#This Row],[income]],0) -> 0 | BQ13: =IF(Table1[[#This Row],[County]]="Hampshire",Table1[[#This Row],[income]],0) -> 0 | BR13: =IF(Table1[[#This Row],[County]]="Gloucestershire",Table1[[#This Row],[income]],0) -> 92059 | BS13: =IF(Table1[[#This Row],[County]]="West Sussex",Table1[[#This Row],[income]],0) -> 0 | BT13: =IF(Table1[[#This Row],[County]]="Devon",Table1[[#This Row],[income]],0) -> 0 | BU13: =IF(Table1[[#This Row],[County]]="Berkshire",Table1[[#This Row],[income]],0) -> 0 | BV13: =IF(Table1[[#This Row],[County]]="Staffordshire",Table1[[#This Row],[income]],0) -> 0 | BW13: =IF(Table1[[#This Row],[County]]="Leicestershire",Table1[[#This Row],[income]],0) -> 0 | BX13: =IF(Table1[[#This Row],[County]]="Cornwall",Table1[[#This Row],[income]],0) -> 0 | BY13: =IF(Table1[[#This Row],[County]]="Isle of Wight",Table1[[#This Row],[income]],0) -> 0 | BZ13: =IF(Table1[[#This Row],[County]]="Surrey",Table1[[#This Row],[income]],0) -> 0 | CA13: =IF(Table1[[#This Row],[County]]="Derbyshire",Table1[[#This Row],[income]],0) -> 0 | CB13: =IF(Table1[[#This Row],[County]]="City of London",Table1[[#This Row],[income]],0) -> 0 | CC13: =IF(Table1[[#This Row],[County]]="Bedfordshire",Table1[[#This Row],[income]],0) -> 0 | CD13: =IF(Table1[[#This Row],[County]]="County Durham",Table1[[#This Row],[income]],0) -> 0 | CE13: =IF(Table1[[#This Row],[County]]="East Riding of Yorkshire",Table1[[#This Row],[income]],0) -> 0 | CF13: =IF(Table1[[#This Row],[County]]="West Yorkshire",Table1[[#This Row],[income]],0) -> 0 | CG13: =IF(Table1[[#This Row],[County]]="Essex",Table1[[#This Row],[income]],0) -> 0 | CH13: =IF(Table1[[#This Row],[County]]="East Sussex",Table1[[#This Row],[income]],0) -> 0 | CI13: =IF(Table1[[#This Row],[County]]="Greater Manchester",Table1[[#This Row],[income]],0) -> 0 | CJ13: =IF(Table1[[#This Row],[County]]="Hertfordshire",Table1[[#This Row],[income]],0) -> 0 | CK13: =IF(Table1[[#This Row],[County]]="Herefordshire",Table1[[#This Row],[income]],0) -> 0 | CL13: =IF(Table1[[#This Row],[County]]="Lancashire",Table1[[#This Row],[income]],0) -> 0 | CM13: =IF(Table1[[#This Row],[County]]="Merseyside",Table1[[#This Row],[income]],0) -> 0 | CN13: =IF(Table1[[#This Row],[County]]="Northamptonshire",Table1[[#This Row],[income]],0) -> 0 | CO13: =IF(Table1[[#This Row],[County]]="Northumberland",Table1[[#This Row],[income]],0) -> 0 | CP13: =IF(Table1[[#This Row],[County]]="Wiltshire",Table1[[#This Row],[income]],0) -> 0 | CQ13: =IF(Table1[[#This Row],[County]]="West Midlands",Table1[[#This Row],[income]],0) -> 0 | CR13: =IF(Table1[[#This Row],[County]]="Warwickshire",Table1[[#This Row],[income]],0) -> 0 | CS13: =IF(Table1[[#This Row],[County]]="Tyne and Wear",Table1[[#This Row],[income]],0) -> 0 | CT13: =IF(Table1[[#This Row],[County]]="Worcestershire",Table1[[#This Row],[income]],0) -> 0 | CU13: =IF(Table1[[#This Row],[County]]="Rutland",Table1[[#This Row],[income]],0) -> 0 | CV13: =IF(Table1[[#This Row],[County]]="Shropshire",Table1[[#This Row],[income]],0) -> 0 | CW13: =IF(Table1[[#This Row],[County]]="Dorset",Table1[[#This Row],[income]],0) -> 0 | CX13: =IF(Table1[[#This Row],[County]]="Buckinghamshire",Table1[[#This Row],[income]],0) -> 0 | CY13: =IF(Table1[[#This Row],[County]]="Suffolk",Table1[[#This Row],[income]],0) -> 0 | CZ13: =IF(Table1[[#This Row],[County]]="North Yorkshire",Table1[[#This Row],[income]],0) -> 0 | DA13: =IF(Table1[[#This Row],[County]]="Kent",Table1[[#This Row],[income]],0) -> 0 | DB13: =IF(Table1[[#This Row],[County]]="Derbyshire",Table1[[#This Row],[income]],0) -> 0 | DD13: =IF(Table1[[#This Row],[Column1]]="Health",Table1[[#This Row],[income]],0) -> 92059 | DE13: =IF(Table1[[#This Row],[Column1]]="Agriculture",Table1[[#This Row],[income]],0) -> 0 | DF13: =IF(Table1[[#This Row],[Column1]]="Technology",Table1[[#This Row],[income]],0) -> 0 | DG13: =IF(Table1[[#This Row],[Column1]]="Social Service",Table1[[#This Row],[income]],0) -> 0 | DH13: =IF(Table1[[#This Row],[Column1]]="Education",Table1[[#This Row],[income]],0) -> 0 | DI13: =IF(Table1[[#This Row],[Column1]]="Construction",Table1[[#This Row],[income]],0) -> 0 | DK13: =IF(Table1[[#This Row],[Value of Debts]]>Table1[[#This Row],[income]],1,0) -> 1 | DP13: =IF(Table1[[#This Row],[Net Worth (£)]]>$DS$5,C13,0) -> 0
A14: =RANDBETWEEN(1,2) -> 2 | B14: =IF(A14=1, "men", "women") -> women | C14: =RANDBETWEEN(25,50) -> 33 | D14: =RANDBETWEEN(1,6) -> 1 | E14: =VLOOKUP(D14,$W$5:$X$10,2) -> Health | F14: =RANDBETWEEN(1,5) -> 5 | G14: =VLOOKUP(F14,$Y$5:$Z$9,2) -> Other | H14: =RANDBETWEEN(0,4) -> 0 | I14: =RANDBETWEEN(1,3) -> 1 | J14: =RANDBETWEEN(30000,100000) -> 65080 | K14: =RANDBETWEEN(1,48) -> 14 | L14: =VLOOKUP(K14,$AA$5:$AB$52,2) -> East Riding of Yorkshire | M14: =J14*(RANDBETWEEN(2,5)) -> 325400 | N14: =RAND()*M14 -> 73649.23 | O14: =I14*RAND()*J14 -> 10589.312 | P14: =RANDBETWEEN(0,O14) -> 6244 | Q14: =RAND()*J14*2 -> 110008.18 | R14: =RAND()*J14*1.5 -> 2528.7245 | S14: =J14+R14+O14 -> 78198.037 | T14: =N14+P14+Q14 -> 189901.41 | U14: =S14-T14 -> -111703.37 | AA14: 10 | AB14: Derbyshire | AC14: =IF(Table1[[#This Row],[gender]]="men",1,0) -> 0 | AD14: =IF(Table1[[#This Row],[gender]]="women",1,0) -> 1 | AJ14: =IF(Table1[[#This Row],[Column1]]="Health",1,0) -> 1 | AK14: =IF(Table1[[#This Row],[Column1]]="Construction",1,0) -> 0 | AL14: =IF(Table1[[#This Row],[Column1]]="Technology",1,0) -> 0 | AM14: =IF(Table1[[#This Row],[Column1]]="Education",1,0) -> 0 | AN14: =IF(Table1[[#This Row],[Column1]]="Agriculture",1,0) -> 0 | AO14: =IF(Table1[[#This Row],[Column1]]="Social Service", 1, 0) -> 0 | AV14: =(O15/I15) -> 72546.443 | AX14: =IF(Table1[[#This Row],[Value of Debts]]>$AY$4,1,0) -> 1 | BB14: =Table1[[#This Row],[Mortage Left]]/Table1[[#This Row],[Value of House]] -> 0.22633445 | BC14: =IF(BB14<$BD$4,1,0) -> 1 | BG14: =IF(Table1[[#This Row],[County]]="Cumbria",Table1[[#This Row],[income]],0) -> 0 | BH14: =IF(Table1[[#This Row],[County]]="Cheshire",Table1[[#This Row],[income]],0) -> 0 | BI14: =IF(Table1[[#This Row],[County]]="Bristol",Table1[[#This Row],[income]],0) -> 0 | BJ14: =IF(Table1[[#This Row],[County]]="Surrey",Table1[[#This Row],[income]],0) -> 0 | BK14: =IF(Table1[[#This Row],[County]]="Norfolk",Table1[[#This Row],[income]],0) -> 0 | BL14: =IF(Table1[[#This Row],[County]]="Lincolnshire",Table1[[#This Row],[income]],0) -> 0 | BM14: =IF(Table1[[#This Row],[County]]="Somerset",Table1[[#This Row],[income]],0) -> 0 | BN14: =IF(Table1[[#This Row],[County]]="Cambridgeshire",Table1[[#This Row],[income]],0) -> 0 | BO14: =IF(Table1[[#This Row],[County]]="South Yorkshire",Table1[[#This Row],[income]],0) -> 0 | BP14: =IF(Table1[[#This Row],[County]]="Greater London",Table1[[#This Row],[income]],0) -> 0 | BQ14: =IF(Table1[[#This Row],[County]]="Hampshire",Table1[[#This Row],[income]],0) -> 0 | BR14: =IF(Table1[[#This Row],[County]]="Gloucestershire",Table1[[#This Row],[income]],0) -> 0 | BS14: =IF(Table1[[#This Row],[County]]="West Sussex",Table1[[#This Row],[income]],0) -> 0 | BT14: =IF(Table1[[#This Row],[County]]="Devon",Table1[[#This Row],[income]],0) -> 0 | BU14: =IF(Table1[[#This Row],[County]]="Berkshire",Table1[[#This Row],[income]],0) -> 0 | BV14: =IF(Table1[[#This Row],[County]]="Staffordshire",Table1[[#This Row],[income]],0) -> 0 | BW14: =IF(Table1[[#This Row],[County]]="Leicestershire",Table1[[#This Row],[income]],0) -> 0 | BX14: =IF(Table1[[#This Row],[County]]="Cornwall",Table1[[#This Row],[income]],0) -> 0 | BY14: =IF(Table1[[#This Row],[County]]="Isle of Wight",Table1[[#This Row],[income]],0) -> 0 | BZ14: =IF(Table1[[#This Row],[County]]="Surrey",Table1[[#This Row],[income]],0) -> 0 | CA14: =IF(Table1[[#This Row],[County]]="Derbyshire",Table1[[#This Row],[income]],0) -> 0 | CB14: =IF(Table1[[#This Row],[County]]="City of London",Table1[[#This Row],[income]],0) -> 0 | CC14: =IF(Table1[[#This Row],[County]]="Bedfordshire",Table1[[#This Row],[income]],0) -> 0 | CD14: =IF(Table1[[#This Row],[County]]="County Durham",Table1[[#This Row],[income]],0) -> 0 | CE14: =IF(Table1[[#This Row],[County]]="East Riding of Yorkshire",Table1[[#This Row],[income]],0) -> 65080 | CF14: =IF(Table1[[#This Row],[County]]="West Yorkshire",Table1[[#This Row],[income]],0) -> 0 | CG14: =IF(Table1[[#This Row],[County]]="Essex",Table1[[#This Row],[income]],0) -> 0 | CH14: =IF(Table1[[#This Row],[County]]="East Sussex",Table1[[#This Row],[income]],0) -> 0 | CI14: =IF(Table1[[#This Row],[County]]="Greater Manchester",Table1[[#This Row],[income]],0) -> 0 | CJ14: =IF(Table1[[#This Row],[County]]="Hertfordshire",Table1[[#This Row],[income]],0) -> 0 | CK14: =IF(Table1[[#This Row],[County]]="Herefordshire",Table1[[#This Row],[income]],0) -> 0 | CL14: =IF(Table1[[#This Row],[County]]="Lancashire",Table1[[#This Row],[income]],0) -> 0 | CM14: =IF(Table1[[#This Row],[County]]="Merseyside",Table1[[#This Row],[income]],0) -> 0 | CN14: =IF(Table1[[#This Row],[County]]="Northamptonshire",Table1[[#This Row],[income]],0) -> 0 | CO14: =IF(Table1[[#This Row],[County]]="Northumberland",Table1[[#This Row],[income]],0) -> 0 | CP14: =IF(Table1[[#This Row],[County]]="Wiltshire",Table1[[#This Row],[income]],0) -> 0 | CQ14: =IF(Table1[[#This Row],[County]]="West Midlands",Table1[[#This Row],[income]],0) -> 0 | CR14: =IF(Table1[[#This Row],[County]]="Warwickshire",Table1[[#This Row],[income]],0) -> 0 | CS14: =IF(Table1[[#This Row],[County]]="Tyne and Wear",Table1[[#This Row],[income]],0) -> 0 | CT14: =IF(Table1[[#This Row],[County]]="Worcestershire",Table1[[#This Row],[income]],0) -> 0 | CU14: =IF(Table1[[#This Row],[County]]="Rutland",Table1[[#This Row],[income]],0) -> 0 | CV14: =IF(Table1[[#This Row],[County]]="Shropshire",Table1[[#This Row],[income]],0) -> 0 | CW14: =IF(Table1[[#This Row],[County]]="Dorset",Table1[[#This Row],[income]],0) -> 0 | CX14: =IF(Table1[[#This Row],[County]]="Buckinghamshire",Table1[[#This Row],[income]],0) -> 0 | CY14: =IF(Table1[[#This Row],[County]]="Suffolk",Table1[[#This Row],[income]],0) -> 0 | CZ14: =IF(Table1[[#This Row],[County]]="North Yorkshire",Table1[[#This Row],[income]],0) -> 0 | DA14: =IF(Table1[[#This Row],[County]]="Kent",Table1[[#This Row],[income]],0) -> 0 | DB14: =IF(Table1[[#This Row],[County]]="Derbyshire",Table1[[#This Row],[income]],0) -> 0 | DD14: =IF(Table1[[#This Row],[Column1]]="Health",Table1[[#This Row],[income]],0) -> 65080 | DE14: =IF(Table1[[#This Row],[Column1]]="Agriculture",Table1[[#This Row],[income]],0) -> 0 | DF14: =IF(Table1[[#This Row],[Column1]]="Technology",Table1[[#This Row],[income]],0) -> 0 | DG14: =IF(Table1[[#This Row],[Column1]]="Social Service",Table1[[#This Row],[income]],0) -> 0 | DH14: =IF(Table1[[#This Row],[Column1]]="Education",Table1[[#This Row],[income]],0) -> 0 | DI14: =IF(Table1[[#This Row],[Column1]]="Construction",Table1[[#This Row],[income]],0) -> 0 | DK14: =IF(Table1[[#This Row],[Value of Debts]]>Table1[[#This Row],[income]],1,0) -> 1 | DP14: =IF(Table1[[#This Row],[Net Worth (£)]]>$DS$5,C14,0) -> 0
A15: =RANDBETWEEN(1,2) -> 2 | B15: =IF(A15=1, "men", "women") -> women | C15: =RANDBETWEEN(25,50) -> 28 | D15: =RANDBETWEEN(1,6) -> 6 | E15: =VLOOKUP(D15,$W$5:$X$10,2) -> Agriculture | F15: =RANDBETWEEN(1,5) -> 4 | G15: =VLOOKUP(F15,$Y$5:$Z$9,2) -> Technical | H15: =RANDBETWEEN(0,4) -> 3 | I15: =RANDBETWEEN(1,3) -> 2 | J15: =RANDBETWEEN(30000,100000) -> 85386 | K15: =RANDBETWEEN(1,48) -> 38 | L15: =VLOOKUP(K15,$AA$5:$AB$52,2) -> South Yorkshire | M15: =J15*(RANDBETWEEN(2,5)) -> 341544 | N15: =RAND()*M15 -> 54766.567 | O15: =I15*RAND()*J15 -> 145092.89 | P15: =RANDBETWEEN(0,O15) -> 14095 | Q15: =RAND()*J15*2 -> 43789.564 | R15: =RAND()*J15*1.5 -> 43111.963 | S15: =J15+R15+O15 -> 273590.85 | T15: =N15+P15+Q15 -> 112651.13 | U15: =S15-T15 -> 160939.72 | AA15: 11 | AB15: Devon | AC15: =IF(Table1[[#This Row],[gender]]="men",1,0) -> 0 | AD15: =IF(Table1[[#This Row],[gender]]="women",1,0) -> 1 | AJ15: =IF(Table1[[#This Row],[Column1]]="Health",1,0) -> 0 | AK15: =IF(Table1[[#This Row],[Column1]]="Construction",1,0) -> 0 | AL15: =IF(Table1[[#This Row],[Column1]]="Technology",1,0) -> 0 | AM15: =IF(Table1[[#This Row],[Column1]]="Education",1,0) -> 0 | AN15: =IF(Table1[[#This Row],[Column1]]="Agriculture",1,0) -> 1 | AO15: =IF(Table1[[#This Row],[Column1]]="Social Service", 1, 0) -> 0 | AV15: =(O16/I16) -> 75485.885 | AX15: =IF(Table1[[#This Row],[Value of Debts]]>$AY$4,1,0) -> 1 | BB15: =Table1[[#This Row],[Mortage Left]]/Table1[[#This Row],[Value of House]] -> 0.16034996 | BC15: =IF(BB15<$BD$4,1,0) -> 1 | BG15: =IF(Table1[[#This Row],[County]]="Cumbria",Table1[[#This Row],[income]],0) -> 0 | BH15: =IF(Table1[[#This Row],[County]]="Cheshire",Table1[[#This Row],[income]],0) -> 0 | BI15: =IF(Table1[[#This Row],[County]]="Bristol",Table1[[#This Row],[income]],0) -> 0 | BJ15: =IF(Table1[[#This Row],[County]]="Surrey",Table1[[#This Row],[income]],0) -> 0 | BK15: =IF(Table1[[#This Row],[County]]="Norfolk",Table1[[#This Row],[income]],0) -> 0 | BL15: =IF(Table1[[#This Row],[County]]="Lincolnshire",Table1[[#This Row],[income]],0) -> 0 | BM15: =IF(Table1[[#This Row],[County]]="Somerset",Table1[[#This Row],[income]],0) -> 0 | BN15: =IF(Table1[[#This Row],[County]]="Cambridgeshire",Table1[[#This Row],[income]],0) -> 0 | BO15: =IF(Table1[[#This Row],[County]]="South Yorkshire",Table1[[#This Row],[income]],0) -> 85386 | BP15: =IF(Table1[[#This Row],[County]]="Greater London",Table1[[#This Row],[income]],0) -> 0 | BQ15: =IF(Table1[[#This Row],[County]]="Hampshire",Table1[[#This Row],[income]],0) -> 0 | BR15: =IF(Table1[[#This Row],[County]]="Gloucestershire",Table1[[#This Row],[income]],0) -> 0 | BS15: =IF(Table1[[#This Row],[County]]="West Sussex",Table1[[#This Row],[income]],0) -> 0 | BT15: =IF(Table1[[#This Row],[County]]="Devon",Table1[[#This Row],[income]],0) -> 0 | BU15: =IF(Table1[[#This Row],[County]]="Berkshire",Table1[[#This Row],[income]],0) -> 0 | BV15: =IF(Table1[[#This Row],[County]]="Staffordshire",Table1[[#This Row],[income]],0) -> 0 | BW15: =IF(Table1[[#This Row],[County]]="Leicestershire",Table1[[#This Row],[income]],0) -> 0 | BX15: =IF(Table1[[#This Row],[County]]="Cornwall",Table1[[#This Row],[income]],0) -> 0 | BY15: =IF(Table1[[#This Row],[County]]="Isle of Wight",Table1[[#This Row],[income]],0) -> 0 | BZ15: =IF(Table1[[#This Row],[County]]="Surrey",Table1[[#This Row],[income]],0) -> 0 | CA15: =IF(Table1[[#This Row],[County]]="Derbyshire",Table1[[#This Row],[income]],0) -> 0 | CB15: =IF(Table1[[#This Row],[County]]="City of London",Table1[[#This Row],[income]],0) -> 0 | CC15: =IF(Table1[[#This Row],[County]]="Bedfordshire",Table1[[#This Row],[income]],0) -> 0 | CD15: =IF(Table1[[#This Row],[County]]="County Durham",Table1[[#This Row],[income]],0) -> 0 | CE15: =IF(Table1[[#This Row],[County]]="East Riding of Yorkshire",Table1[[#This Row],[income]],0) -> 0 | CF15: =IF(Table1[[#This Row],[County]]="West Yorkshire",Table1[[#This Row],[income]],0) -> 0 | CG15: =IF(Table1[[#This Row],[County]]="Essex",Table1[[#This Row],[income]],0) -> 0 | CH15: =IF(Table1[[#This Row],[County]]="East Sussex",Table1[[#This Row],[income]],0) -> 0 | CI15: =IF(Table1[[#This Row],[County]]="Greater Manchester",Table1[[#This Row],[income]],0) -> 0 | CJ15: =IF(Table1[[#This Row],[County]]="Hertfordshire",Table1[[#This Row],[income]],0) -> 0 | CK15: =IF(Table1[[#This Row],[County]]="Herefordshire",Table1[[#This Row],[income]],0) -> 0 | CL15: =IF(Table1[[#This Row],[County]]="Lancashire",Table1[[#This Row],[income]],0) -> 0 | CM15: =IF(Table1[[#This Row],[County]]="Merseyside",Table1[[#This Row],[income]],0) -> 0 | CN15: =IF(Table1[[#This Row],[County]]="Northamptonshire",Table1[[#This Row],[income]],0) -> 0 | CO15: =IF(Table1[[#This Row],[County]]="Northumberland",Table1[[#This Row],[income]],0) -> 0 | CP15: =IF(Table1[[#This Row],[County]]="Wiltshire",Table1[[#This Row],[income]],0) -> 0 | CQ15: =IF(Table1[[#This Row],[County]]="West Midlands",Table1[[#This Row],[income]],0) -> 0 | CR15: =IF(Table1[[#This Row],[County]]="Warwickshire",Table1[[#This Row],[income]],0) -> 0 | CS15: =IF(Table1[[#This Row],[County]]="Tyne and Wear",Table1[[#This Row],[income]],0) -> 0 | CT15: =IF(Table1[[#This Row],[County]]="Worcestershire",Table1[[#This Row],[income]],0) -> 0 | CU15: =IF(Table1[[#This Row],[County]]="Rutland",Table1[[#This Row],[income]],0) -> 0 | CV15: =IF(Table1[[#This Row],[County]]="Shropshire",Table1[[#This Row],[income]],0) -> 0 | CW15: =IF(Table1[[#This Row],[County]]="Dorset",Table1[[#This Row],[income]],0) -> 0 | CX15: =IF(Table1[[#This Row],[County]]="Buckinghamshire",Table1[[#This Row],[income]],0) -> 0 | CY15: =IF(Table1[[#This Row],[County]]="Suffolk",Table1[[#This Row],[income]],0) -> 0 | CZ15: =IF(Table1[[#This Row],[County]]="North Yorkshire",Table1[[#This Row],[income]],0) -> 0 | DA15: =IF(Table1[[#This Row],[County]]="Kent",Table1[[#This Row],[income]],0) -> 0 | DB15: =IF(Table1[[#This Row],[County]]="Derbyshire",Table1[[#This Row],[income]],0) -> 0 | DD15: =IF(Table1[[#This Row],[Column1]]="Health",Table1[[#This Row],[income]],0) -> 0 | DE15: =IF(Table1[[#This Row],[Column1]]="Agriculture",Table1[[#This Row],[income]],0) -> 85386 | DF15: =IF(Table1[[#This Row],[Column1]]="Technology",Table1[[#This Row],[income]],0) -> 0 | DG15: =IF(Table1[[#This Row],[Column1]]="Social Service",Table1[[#This Row],[income]],0) -> 0 | DH15: =IF(Table1[[#This Row],[Column1]]="Education",Table1[[#This Row],[income]],0) -> 0 | DI15: =IF(Table1[[#This Row],[Column1]]="Construction",Table1[[#This Row],[income]],0) -> 0 | DK15: =IF(Table1[[#This Row],[Value of Debts]]>Table1[[#This Row],[income]],1,0) -> 1 | DP15: =IF(Table1[[#This Row],[Net Worth (£)]]>$DS$5,C15,0) -> 28
A16: =RANDBETWEEN(1,2) -> 2 | B16: =IF(A16=1, "men", "women") -> women | C16: =RANDBETWEEN(25,50) -> 35 | D16: =RANDBETWEEN(1,6) -> 1 | E16: =VLOOKUP(D16,$W$5:$X$10,2) -> Health | F16: =RANDBETWEEN(1,5) -> 5 | G16: =VLOOKUP(F16,$Y$5:$Z$9,2) -> Other | H16: =RANDBETWEEN(0,4) -> 2 | I16: =RANDBETWEEN(1,3) -> 3 | J16: =RANDBETWEEN(30000,100000) -> 77457 | K16: =RANDBETWEEN(1,48) -> 43 | L16: =VLOOKUP(K16,$AA$5:$AB$52,2) -> Warwickshire | M16: =J16*(RANDBETWEEN(2,5)) -> 387285 | N16: =RAND()*M16 -> 304075.82 | O16: =I16*RAND()*J16 -> 226457.65 | P16: =RANDBETWEEN(0,O16) -> 141263 | Q16: =RAND()*J16*2 -> 53839.862 | R16: =RAND()*J16*1.5 -> 80707.929 | S16: =J16+R16+O16 -> 384622.58 | T16: =N16+P16+Q16 -> 499178.68 | U16: =S16-T16 -> -114556.1 | AA16: 12 | AB16: Dorset | AC16: =IF(Table1[[#This Row],[gender]]="men",1,0) -> 0 | AD16: =IF(Table1[[#This Row],[gender]]="women",1,0) -> 1 | AJ16: =IF(Table1[[#This Row],[Column1]]="Health",1,0) -> 1 | AK16: =IF(Table1[[#This Row],[Column1]]="Construction",1,0) -> 0 | AL16: =IF(Table1[[#This Row],[Column1]]="Technology",1,0) -> 0 | AM16: =IF(Table1[[#This Row],[Column1]]="Education",1,0) -> 0 | AN16: =IF(Table1[[#This Row],[Column1]]="Agriculture",1,0) -> 0 | AO16: =IF(Table1[[#This Row],[Column1]]="Social Service", 1, 0) -> 0 | AV16: =(O17/I17) -> 17125.243 | AX16: =IF(Table1[[#This Row],[Value of Debts]]>$AY$4,1,0) -> 1 | BB16: =Table1[[#This Row],[Mortage Left]]/Table1[[#This Row],[Value of House]] -> 0.78514742 | BC16: =IF(BB16<$BD$4,1,0) -> 0 | BG16: =IF(Table1[[#This Row],[County]]="Cumbria",Table1[[#This Row],[income]],0) -> 0 | BH16: =IF(Table1[[#This Row],[County]]="Cheshire",Table1[[#This Row],[income]],0) -> 0 | BI16: =IF(Table1[[#This Row],[County]]="Bristol",Table1[[#This Row],[income]],0) -> 0 | BJ16: =IF(Table1[[#This Row],[County]]="Surrey",Table1[[#This Row],[income]],0) -> 0 | BK16: =IF(Table1[[#This Row],[County]]="Norfolk",Table1[[#This Row],[income]],0) -> 0 | BL16: =IF(Table1[[#This Row],[County]]="Lincolnshire",Table1[[#This Row],[income]],0) -> 0 | BM16: =IF(Table1[[#This Row],[County]]="Somerset",Table1[[#This Row],[income]],0) -> 0 | BN16: =IF(Table1[[#This Row],[County]]="Cambridgeshire",Table1[[#This Row],[income]],0) -> 0 | BO16: =IF(Table1[[#This Row],[County]]="South Yorkshire",Table1[[#This Row],[income]],0) -> 0 | BP16: =IF(Table1[[#This Row],[County]]="Greater London",Table1[[#This Row],[income]],0) -> 0 | BQ16: =IF(Table1[[#This Row],[County]]="Hampshire",Table1[[#This Row],[income]],0) -> 0 | BR16: =IF(Table1[[#This Row],[County]]="Gloucestershire",Table1[[#This Row],[income]],0) -> 0 | BS16: =IF(Table1[[#This Row],[County]]="West Sussex",Table1[[#This Row],[income]],0) -> 0 | BT16: =IF(Table1[[#This Row],[County]]="Devon",Table1[[#This Row],[income]],0) -> 0 | BU16: =IF(Table1[[#This Row],[County]]="Berkshire",Table1[[#This Row],[income]],0) -> 0 | BV16: =IF(Table1[[#This Row],[County]]="Staffordshire",Table1[[#This Row],[income]],0) -> 0 | BW16: =IF(Table1[[#This Row],[County]]="Leicestershire",Table1[[#This Row],[income]],0) -> 0 | BX16: =IF(Table1[[#This Row],[County]]="Cornwall",Table1[[#This Row],[income]],0) -> 0 | BY16: =IF(Table1[[#This Row],[County]]="Isle of Wight",Table1[[#This Row],[income]],0) -> 0 | BZ16: =IF(Table1[[#This Row],[County]]="Surrey",Table1[[#This Row],[income]],0) -> 0 | CA16: =IF(Table1[[#This Row],[County]]="Derbyshire",Table1[[#This Row],[income]],0) -> 0 | CB16: =IF(Table1[[#This Row],[County]]="City of London",Table1[[#This Row],[income]],0) -> 0 | CC16: =IF(Table1[[#This Row],[County]]="Bedfordshire",Table1[[#This Row],[income]],0) -> 0 | CD16: =IF(Table1[[#This Row],[County]]="County Durham",Table1[[#This Row],[income]],0) -> 0 | CE16: =IF(Table1[[#This Row],[County]]="East Riding of Yorkshire",Table1[[#This Row],[income]],0) -> 0 | CF16: =IF(Table1[[#This Row],[County]]="West Yorkshire",Table1[[#This Row],[income]],0) -> 0 | CG16: =IF(Table1[[#This Row],[County]]="Essex",Table1[[#This Row],[income]],0) -> 0 | CH16: =IF(Table1[[#This Row],[County]]="East Sussex",Table1[[#This Row],[income]],0) -> 0 | CI16: =IF(Table1[[#This Row],[County]]="Greater Manchester",Table1[[#This Row],[income]],0) -> 0 | CJ16: =IF(Table1[[#This Row],[County]]="Hertfordshire",Table1[[#This Row],[income]],0) -> 0 | CK16: =IF(Table1[[#This Row],[County]]="Herefordshire",Table1[[#This Row],[income]],0) -> 0 | CL16: =IF(Table1[[#This Row],[County]]="Lancashire",Table1[[#This Row],[income]],0) -> 0 | CM16: =IF(Table1[[#This Row],[County]]="Merseyside",Table1[[#This Row],[income]],0) -> 0 | CN16: =IF(Table1[[#This Row],[County]]="Northamptonshire",Table1[[#This Row],[income]],0) -> 0 | CO16: =IF(Table1[[#This Row],[County]]="Northumberland",Table1[[#This Row],[income]],0) -> 0 | CP16: =IF(Table1[[#This Row],[County]]="Wiltshire",Table1[[#This Row],[income]],0) -> 0 | CQ16: =IF(Table1[[#This Row],[County]]="West Midlands",Table1[[#This Row],[income]],0) -> 0 | CR16: =IF(Table1[[#This Row],[County]]="Warwickshire",Table1[[#This Row],[income]],0) -> 77457 | CS16: =IF(Table1[[#This Row],[County]]="Tyne and Wear",Table1[[#This Row],[income]],0) -> 0 | CT16: =IF(Table1[[#This Row],[County]]="Worcestershire",Table1[[#This Row],[income]],0) -> 0 | CU16: =IF(Table1[[#This Row],[County]]="Rutland",Table1[[#This Row],[income]],0) -> 0 | CV16: =IF(Table1[[#This Row],[County]]="Shropshire",Table1[[#This Row],[income]],0) -> 0 | CW16: =IF(Table1[[#This Row],[County]]="Dorset",Table1[[#This Row],[income]],0) -> 0 | CX16: =IF(Table1[[#This Row],[County]]="Buckinghamshire",Table1[[#This Row],[income]],0) -> 0 | CY16: =IF(Table1[[#This Row],[County]]="Suffolk",Table1[[#This Row],[income]],0) -> 0 | CZ16: =IF(Table1[[#This Row],[County]]="North Yorkshire",Table1[[#This Row],[income]],0) -> 0 | DA16: =IF(Table1[[#This Row],[County]]="Kent",Table1[[#This Row],[income]],0) -> 0 | DB16: =IF(Table1[[#This Row],[County]]="Derbyshire",Table1[[#This Row],[income]],0) -> 0 | DD16: =IF(Table1[[#This Row],[Column1]]="Health",Table1[[#This Row],[income]],0) -> 77457 | DE16: =IF(Table1[[#This Row],[Column1]]="Agriculture",Table1[[#This Row],[income]],0) -> 0 | DF16: =IF(Table1[[#This Row],[Column1]]="Technology",Table1[[#This Row],[income]],0) -> 0 | DG16: =IF(Table1[[#This Row],[Column1]]="Social Service",Table1[[#This Row],[income]],0) -> 0 | DH16: =IF(Table1[[#This Row],[Column1]]="Education",Table1[[#This Row],[income]],0) -> 0 | DI16: =IF(Table1[[#This Row],[Column1]]="Construction",Table1[[#This Row],[income]],0) -> 0 | DK16: =IF(Table1[[#This Row],[Value of Debts]]>Table1[[#This Row],[income]],1,0) -> 1 | DP16: =IF(Table1[[#This Row],[Net Worth (£)]]>$DS$5,C16,0) -> 0
A17: =RANDBETWEEN(1,2) -> 2 | B17: =IF(A17=1, "men", "women") -> women | C17: =RANDBETWEEN(25,50) -> 36 | D17: =RANDBETWEEN(1,6) -> 1 | E17: =VLOOKUP(D17,$W$5:$X$10,2) -> Health | F17: =RANDBETWEEN(1,5) -> 1 | G17: =VLOOKUP(F17,$Y$5:$Z$9,2) -> High School | H17: =RANDBETWEEN(0,4) -> 4 | I17: =RANDBETWEEN(1,3) -> 1 | J17: =RANDBETWEEN(30000,100000) -> 60653 | K17: =RANDBETWEEN(1,48) -> 30 | L17: =VLOOKUP(K17,$AA$5:$AB$52,2) -> North Yorkshire | M17: =J17*(RANDBETWEEN(2,5)) -> 121306 | N17: =RAND()*M17 -> 55170.878 | O17: =I17*RAND()*J17 -> 17125.243 | P17: =RANDBETWEEN(0,O17) -> 12498 | Q17: =RAND()*J17*2 -> 25105.563 | R17: =RAND()*J17*1.5 -> 41674.7 | S17: =J17+R17+O17 -> 119452.94 | T17: =N17+P17+Q17 -> 92774.441 | U17: =S17-T17 -> 26678.503 | AA17: 13 | AB17: County Durham | AC17: =IF(Table1[[#This Row],[gender]]="men",1,0) -> 0 | AD17: =IF(Table1[[#This Row],[gender]]="women",1,0) -> 1 | AJ17: =IF(Table1[[#This Row],[Column1]]="Health",1,0) -> 1 | AK17: =IF(Table1[[#This Row],[Column1]]="Construction",1,0) -> 0 | AL17: =IF(Table1[[#This Row],[Column1]]="Technology",1,0) -> 0 | AM17: =IF(Table1[[#This Row],[Column1]]="Education",1,0) -> 0 | AN17: =IF(Table1[[#This Row],[Column1]]="Agriculture",1,0) -> 0 | AO17: =IF(Table1[[#This Row],[Column1]]="Social Service", 1, 0) -> 0 | AV17: =(O18/I18) -> 18512.795 | AX17: =IF(Table1[[#This Row],[Value of Debts]]>$AY$4,1,0) -> 0 | BB17: =Table1[[#This Row],[Mortage Left]]/Table1[[#This Row],[Value of House]] -> 0.45480749 | BC17: =IF(BB17<$BD$4,1,0) -> 0 | BG17: =IF(Table1[[#This Row],[County]]="Cumbria",Table1[[#This Row],[income]],0) -> 0 | BH17: =IF(Table1[[#This Row],[County]]="Cheshire",Table1[[#This Row],[income]],0) -> 0 | BI17: =IF(Table1[[#This Row],[County]]="Bristol",Table1[[#This Row],[income]],0) -> 0 | BJ17: =IF(Table1[[#This Row],[County]]="Surrey",Table1[[#This Row],[income]],0) -> 0 | BK17: =IF(Table1[[#This Row],[County]]="Norfolk",Table1[[#This Row],[income]],0) -> 0 | BL17: =IF(Table1[[#This Row],[County]]="Lincolnshire",Table1[[#This Row],[income]],0) -> 0 | BM17: =IF(Table1[[#This Row],[County]]="Somerset",Table1[[#This Row],[income]],0) -> 0 | BN17: =IF(Table1[[#This Row],[County]]="Cambridgeshire",Table1[[#This Row],[income]],0) -> 0 | BO17: =IF(Table1[[#This Row],[County]]="South Yorkshire",Table1[[#This Row],[income]],0) -> 0 | BP17: =IF(Table1[[#This Row],[County]]="Greater London",Table1[[#This Row],[income]],0) -> 0 | BQ17: =IF(Table1[[#This Row],[County]]="Hampshire",Table1[[#This Row],[income]],0) -> 0 | BR17: =IF(Table1[[#This Row],[County]]="Gloucestershire",Table1[[#This Row],[income]],0) -> 0 | BS17: =IF(Table1[[#This Row],[County]]="West Sussex",Table1[[#This Row],[income]],0) -> 0 | BT17: =IF(Table1[[#This Row],[County]]="Devon",Table1[[#This Row],[income]],0) -> 0 | BU17: =IF(Table1[[#This Row],[County]]="Berkshire",Table1[[#This Row],[income]],0) -> 0 | BV17: =IF(Table1[[#This Row],[County]]="Staffordshire",Table1[[#This Row],[income]],0) -> 0 | BW17: =IF(Table1[[#This Row],[County]]="Leicestershire",Table1[[#This Row],[income]],0) -> 0 | BX17: =IF(Table1[[#This Row],[County]]="Cornwall",Table1[[#This Row],[income]],0) -> 0 | BY17: =IF(Table1[[#This Row],[County]]="Isle of Wight",Table1[[#This Row],[income]],0) -> 0 | BZ17: =IF(Table1[[#This Row],[County]]="Surrey",Table1[[#This Row],[income]],0) -> 0 | CA17: =IF(Table1[[#This Row],[County]]="Derbyshire",Table1[[#This Row],[income]],0) -> 0 | CB17: =IF(Table1[[#This Row],[County]]="City of London",Table1[[#This Row],[income]],0) -> 0 | CC17: =IF(Table1[[#This Row],[County]]="Bedfordshire",Table1[[#This Row],[income]],0) -> 0 | CD17: =IF(Table1[[#This Row],[County]]="County Durham",Table1[[#This Row],[income]],0) -> 0 | CE17: =IF(Table1[[#This Row],[County]]="East Riding of Yorkshire",Table1[[#This Row],[income]],0) -> 0 | CF17: =IF(Table1[[#This Row],[County]]="West Yorkshire",Table1[[#This Row],[income]],0) -> 0 | CG17: =IF(Table1[[#This Row],[County]]="Essex",Table1[[#This Row],[income]],0) -> 0 | CH17: =IF(Table1[[#This Row],[County]]="East Sussex",Table1[[#This Row],[income]],0) -> 0 | CI17: =IF(Table1[[#This Row],[County]]="Greater Manchester",Table1[[#This Row],[income]],0) -> 0 | CJ17: =IF(Table1[[#This Row],[County]]="Hertfordshire",Table1[[#This Row],[income]],0) -> 0 | CK17: =IF(Table1[[#This Row],[County]]="Herefordshire",Table1[[#This Row],[income]],0) -> 0 | CL17: =IF(Table1[[#This Row],[County]]="Lancashire",Table1[[#This Row],[income]],0) -> 0 | CM17: =IF(Table1[[#This Row],[County]]="Merseyside",Table1[[#This Row],[income]],0) -> 0 | CN17: =IF(Table1[[#This Row],[County]]="Northamptonshire",Table1[[#This Row],[income]],0) -> 0 | CO17: =IF(Table1[[#This Row],[County]]="Northumberland",Table1[[#This Row],[income]],0) -> 0 | CP17: =IF(Table1[[#This Row],[County]]="Wiltshire",Table1[[#This Row],[income]],0) -> 0 | CQ17: =IF(Table1[[#This Row],[County]]="West Midlands",Table1[[#This Row],[income]],0) -> 0 | CR17: =IF(Table1[[#This Row],[County]]="Warwickshire",Table1[[#This Row],[income]],0) -> 0 | CS17: =IF(Table1[[#This Row],[County]]="Tyne and Wear",Table1[[#This Row],[income]],0) -> 0 | CT17: =IF(Table1[[#This Row],[County]]="Worcestershire",Table1[[#This Row],[income]],0) -> 0 | CU17: =IF(Table1[[#This Row],[County]]="Rutland",Table1[[#This Row],[income]],0) -> 0 | CV17: =IF(Table1[[#This Row],[County]]="Shropshire",Table1[[#This Row],[income]],0) -> 0 | CW17: =IF(Table1[[#This Row],[County]]="Dorset",Table1[[#This Row],[income]],0) -> 0 | CX17: =IF(Table1[[#This Row],[County]]="Buckinghamshire",Table1[[#This Row],[income]],0) -> 0 | CY17: =IF(Table1[[#This Row],[County]]="Suffolk",Table1[[#This Row],[income]],0) -> 0 | CZ17: =IF(Table1[[#This Row],[County]]="North Yorkshire",Table1[[#This Row],[income]],0) -> 60653 | DA17: =IF(Table1[[#This Row],[County]]="Kent",Table1[[#This Row],[income]],0) -> 0 | DB17: =IF(Table1[[#This Row],[County]]="Derbyshire",Table1[[#This Row],[income]],0) -> 0 | DD17: =IF(Table1[[#This Row],[Column1]]="Health",Table1[[#This Row],[income]],0) -> 60653 | DE17: =IF(Table1[[#This Row],[Column1]]="Agriculture",Table1[[#This Row],[income]],0) -> 0 | DF17: =IF(Table1[[#This Row],[Column1]]="Technology",Table1[[#This Row],[income]],0) -> 0 | DG17: =IF(Table1[[#This Row],[Column1]]="Social Service",Table1[[#This Row],[income]],0) -> 0 | DH17: =IF(Table1[[#This Row],[Column1]]="Education",Table1[[#This Row],[income]],0) -> 0 | DI17: =IF(Table1[[#This Row],[Column1]]="Construction",Table1[[#This Row],[income]],0) -> 0 | DK17: =IF(Table1[[#This Row],[Value of Debts]]>Table1[[#This Row],[income]],1,0) -> 1 | DP17: =IF(Table1[[#This Row],[Net Worth (£)]]>$DS$5,C17,0) -> 0
A18: =RANDBETWEEN(1,2) -> 2 | B18: =IF(A18=1, "men", "women") -> women | C18: =RANDBETWEEN(25,50) -> 31 | D18: =RANDBETWEEN(1,6) -> 3 | E18: =VLOOKUP(D18,$W$5:$X$10,2) -> Education | F18: =RANDBETWEEN(1,5) -> 5 | G18: =VLOOKUP(F18,$Y$5:$Z$9,2) -> Other | H18: =RANDBETWEEN(0,4) -> 4 | I18: =RANDBETWEEN(1,3) -> 3 | J18: =RANDBETWEEN(30000,100000) -> 52231 | K18: =RANDBETWEEN(1,48) -> 37 | L18: =VLOOKUP(K18,$AA$5:$AB$52,2) -> Somerset | M18: =J18*(RANDBETWEEN(2,5)) -> 104462 | N18: =RAND()*M18 -> 45467.61 | O18: =I18*RAND()*J18 -> 55538.384 | P18: =RANDBETWEEN(0,O18) -> 19645 | Q18: =RAND()*J18*2 -> 5432.5637 | R18: =RAND()*J18*1.5 -> 53746.193 | S18: =J18+R18+O18 -> 161515.58 | T18: =N18+P18+Q18 -> 70545.174 | U18: =S18-T18 -> 90970.403 | AA18: 14 | AB18: East Riding of Yorkshire | AC18: =IF(Table1[[#This Row],[gender]]="men",1,0) -> 0 | AD18: =IF(Table1[[#This Row],[gender]]="women",1,0) -> 1 | AJ18: =IF(Table1[[#This Row],[Column1]]="Health",1,0) -> 0 | AK18: =IF(Table1[[#This Row],[Column1]]="Construction",1,0) -> 0 | AL18: =IF(Table1[[#This Row],[Column1]]="Technology",1,0) -> 0 | AM18: =IF(Table1[[#This Row],[Column1]]="Education",1,0) -> 1 | AN18: =IF(Table1[[#This Row],[Column1]]="Agriculture",1,0) -> 0 | AO18: =IF(Table1[[#This Row],[Column1]]="Social Service", 1, 0) -> 0 | AV18: =(O19/I19) -> 36115.409 | AX18: =IF(Table1[[#This Row],[Value of Debts]]>$AY$4,1,0) -> 0 | BB18: =Table1[[#This Row],[Mortage Left]]/Table1[[#This Row],[Value of House]] -> 0.43525503 | BC18: =IF(BB18<$BD$4,1,0) -> 0 | BG18: =IF(Table1[[#This Row],[County]]="Cumbria",Table1[[#This Row],[income]],0) -> 0 | BH18: =IF(Table1[[#This Row],[County]]="Cheshire",Table1[[#This Row],[income]],0) -> 0 | BI18: =IF(Table1[[#This Row],[County]]="Bristol",Table1[[#This Row],[income]],0) -> 0 | BJ18: =IF(Table1[[#This Row],[County]]="Surrey",Table1[[#This Row],[income]],0) -> 0 | BK18: =IF(Table1[[#This Row],[County]]="Norfolk",Table1[[#This Row],[income]],0) -> 0 | BL18: =IF(Table1[[#This Row],[County]]="Lincolnshire",Table1[[#This Row],[income]],0) -> 0 | BM18: =IF(Table1[[#This Row],[County]]="Somerset",Table1[[#This Row],[income]],0) -> 52231 | BN18: =IF(Table1[[#This Row],[County]]="Cambridgeshire",Table1[[#This Row],[income]],0) -> 0 | BO18: =IF(Table1[[#This Row],[County]]="South Yorkshire",Table1[[#This Row],[income]],0) -> 0 | BP18: =IF(Table1[[#This Row],[County]]="Greater London",Table1[[#This Row],[income]],0) -> 0 | BQ18: =IF(Table1[[#This Row],[County]]="Hampshire",Table1[[#This Row],[income]],0) -> 0 | BR18: =IF(Table1[[#This Row],[County]]="Gloucestershire",Table1[[#This Row],[income]],0) -> 0 | BS18: =IF(Table1[[#This Row],[County]]="West Sussex",Table1[[#This Row],[income]],0) -> 0 | BT18: =IF(Table1[[#This Row],[County]]="Devon",Table1[[#This Row],[income]],0) -> 0 | BU18: =IF(Table1[[#This Row],[County]]="Berkshire",Table1[[#This Row],[income]],0) -> 0 | BV18: =IF(Table1[[#This Row],[County]]="Staffordshire",Table1[[#This Row],[income]],0) -> 0 | BW18: =IF(Table1[[#This Row],[County]]="Leicestershire",Table1[[#This Row],[income]],0) -> 0 | BX18: =IF(Table1[[#This Row],[County]]="Cornwall",Table1[[#This Row],[income]],0) -> 0 | BY18: =IF(Table1[[#This Row],[County]]="Isle of Wight",Table1[[#This Row],[income]],0) -> 0 | BZ18: =IF(Table1[[#This Row],[County]]="Surrey",Table1[[#This Row],[income]],0) -> 0 | CA18: =IF(Table1[[#This Row],[County]]="Derbyshire",Table1[[#This Row],[income]],0) -> 0 | CB18: =IF(Table1[[#This Row],[County]]="City of London",Table1[[#This Row],[income]],0) -> 0 | CC18: =IF(Table1[[#This Row],[County]]="Bedfordshire",Table1[[#This Row],[income]],0) -> 0 | CD18: =IF(Table1[[#This Row],[County]]="County Durham",Table1[[#This Row],[income]],0) -> 0 | CE18: =IF(Table1[[#This Row],[County]]="East Riding of Yorkshire",Table1[[#This Row],[income]],0) -> 0 | CF18: =IF(Table1[[#This Row],[County]]="West Yorkshire",Table1[[#This Row],[income]],0) -> 0 | CG18: =IF(Table1[[#This Row],[County]]="Essex",Table1[[#This Row],[income]],0) -> 0 | CH18: =IF(Table1[[#This Row],[County]]="East Sussex",Table1[[#This Row],[income]],0) -> 0 | CI18: =IF(Table1[[#This Row],[County]]="Greater Manchester",Table1[[#This Row],[income]],0) -> 0 | CJ18: =IF(Table1[[#This Row],[County]]="Hertfordshire",Table1[[#This Row],[income]],0) -> 0 | CK18: =IF(Table1[[#This Row],[County]]="Herefordshire",Table1[[#This Row],[income]],0) -> 0 | CL18: =IF(Table1[[#This Row],[County]]="Lancashire",Table1[[#This Row],[income]],0) -> 0 | CM18: =IF(Table1[[#This Row],[County]]="Merseyside",Table1[[#This Row],[income]],0) -> 0 | CN18: =IF(Table1[[#This Row],[County]]="Northamptonshire",Table1[[#This Row],[income]],0) -> 0 | CO18: =IF(Table1[[#This Row],[County]]="Northumberland",Table1[[#This Row],[income]],0) -> 0 | CP18: =IF(Table1[[#This Row],[County]]="Wiltshire",Table1[[#This Row],[income]],0) -> 0 | CQ18: =IF(Table1[[#This Row],[County]]="West Midlands",Table1[[#This Row],[income]],0) -> 0 | CR18: =IF(Table1[[#This Row],[County]]="Warwickshire",Table1[[#This Row],[income]],0) -> 0 | CS18: =IF(Table1[[#This Row],[County]]="Tyne and Wear",Table1[[#This Row],[income]],0) -> 0 | CT18: =IF(Table1[[#This Row],[County]]="Worcestershire",Table1[[#This Row],[income]],0) -> 0 | CU18: =IF(Table1[[#This Row],[County]]="Rutland",Table1[[#This Row],[income]],0) -> 0 | CV18: =IF(Table1[[#This Row],[County]]="Shropshire",Table1[[#This Row],[income]],0) -> 0 | CW18: =IF(Table1[[#This Row],[County]]="Dorset",Table1[[#This Row],[income]],0) -> 0 | CX18: =IF(Table1[[#This Row],[County]]="Buckinghamshire",Table1[[#This Row],[income]],0) -> 0 | CY18: =IF(Table1[[#This Row],[County]]="Suffolk",Table1[[#This Row],[income]],0) -> 0 | CZ18: =IF(Table1[[#This Row],[County]]="North Yorkshire",Table1[[#This Row],[income]],0) -> 0 | DA18: =IF(Table1[[#This Row],[County]]="Kent",Table1[[#This Row],[income]],0) -> 0 | DB18: =IF(Table1[[#This Row],[County]]="Derbyshire",Table1[[#This Row],[income]],0) -> 0 | DD18: =IF(Table1[[#This Row],[Column1]]="Health",Table1[[#This Row],[income]],0) -> 0 | DE18: =IF(Table1[[#This Row],[Column1]]="Agriculture",Table1[[#This Row],[income]],0) -> 0 | DF18: =IF(Table1[[#This Row],[Column1]]="Technology",Table1[[#This Row],[income]],0) -> 0 | DG18: =IF(Table1[[#This Row],[Column1]]="Social Service",Table1[[#This Row],[income]],0) -> 0 | DH18: =IF(Table1[[#This Row],[Column1]]="Education",Table1[[#This Row],[income]],0) -> 52231 | DI18: =IF(Table1[[#This Row],[Column1]]="Construction",Table1[[#This Row],[income]],0) -> 0 | DK18: =IF(Table1[[#This Row],[Value of Debts]]>Table1[[#This Row],[income]],1,0) -> 1 | DP18: =IF(Table1[[#This Row],[Net Worth (£)]]>$DS$5,C18,0) -> 31
A19: =RANDBETWEEN(1,2) -> 2 | B19: =IF(A19=1, "men", "women") -> women | C19: =RANDBETWEEN(25,50) -> 47 | D19: =RANDBETWEEN(1,6) -> 5 | E19: =VLOOKUP(D19,$W$5:$X$10,2) -> Social Service | F19: =RANDBETWEEN(1,5) -> 2 | G19: =VLOOKUP(F19,$Y$5:$Z$9,2) -> College | H19: =RANDBETWEEN(0,4) -> 3 | I19: =RANDBETWEEN(1,3) -> 2 | J19: =RANDBETWEEN(30000,100000) -> 68844 | K19: =RANDBETWEEN(1,48) -> 21 | L19: =VLOOKUP(K19,$AA$5:$AB$52,2) -> Herefordshire | M19: =J19*(RANDBETWEEN(2,5)) -> 137688 | N19: =RAND()*M19 -> 77980.802 | O19: =I19*RAND()*J19 -> 72230.818 | P19: =RANDBETWEEN(0,O19) -> 39789 | Q19: =RAND()*J19*2 -> 46444.51 | R19: =RAND()*J19*1.5 -> 3189.2857 | S19: =J19+R19+O19 -> 144264.1 | T19: =N19+P19+Q19 -> 164214.31 | U19: =S19-T19 -> -19950.208 | AA19: 15 | AB19: East Sussex | AC19: =IF(Table1[[#This Row],[gender]]="men",1,0) -> 0 | AD19: =IF(Table1[[#This Row],[gender]]="women",1,0) -> 1 | AJ19: =IF(Table1[[#This Row],[Column1]]="Health",1,0) -> 0 | AK19: =IF(Table1[[#This Row],[Column1]]="Construction",1,0) -> 0 | AL19: =IF(Table1[[#This Row],[Column1]]="Technology",1,0) -> 0 | AM19: =IF(Table1[[#This Row],[Column1]]="Education",1,0) -> 0 | AN19: =IF(Table1[[#This Row],[Column1]]="Agriculture",1,0) -> 0 | AO19: =IF(Table1[[#This Row],[Column1]]="Social Service", 1, 0) -> 1 | AV19: =(O20/I20) -> 37520.443 | AX19: =IF(Table1[[#This Row],[Value of Debts]]>$AY$4,1,0) -> 1 | BB19: =Table1[[#This Row],[Mortage Left]]/Table1[[#This Row],[Value of House]] -> 0.56635874 | BC19: =IF(BB19<$BD$4,1,0) -> 0 | BG19: =IF(Table1[[#This Row],[County]]="Cumbria",Table1[[#This Row],[income]],0) -> 0 | BH19: =IF(Table1[[#This Row],[County]]="Cheshire",Table1[[#This Row],[income]],0) -> 0 | BI19: =IF(Table1[[#This Row],[County]]="Bristol",Table1[[#This Row],[income]],0) -> 0 | BJ19: =IF(Table1[[#This Row],[County]]="Surrey",Table1[[#This Row],[income]],0) -> 0 | BK19: =IF(Table1[[#This Row],[County]]="Norfolk",Table1[[#This Row],[income]],0) -> 0 | BL19: =IF(Table1[[#This Row],[County]]="Lincolnshire",Table1[[#This Row],[income]],0) -> 0 | BM19: =IF(Table1[[#This Row],[County]]="Somerset",Table1[[#This Row],[income]],0) -> 0 | BN19: =IF(Table1[[#This Row],[County]]="Cambridgeshire",Table1[[#This Row],[income]],0) -> 0 | BO19: =IF(Table1[[#This Row],[County]]="South Yorkshire",Table1[[#This Row],[income]],0) -> 0 | BP19: =IF(Table1[[#This Row],[County]]="Greater London",Table1[[#This Row],[income]],0) -> 0 | BQ19: =IF(Table1[[#This Row],[County]]="Hampshire",Table1[[#This Row],[income]],0) -> 0 | BR19: =IF(Table1[[#This Row],[County]]="Gloucestershire",Table1[[#This Row],[income]],0) -> 0 | BS19: =IF(Table1[[#This Row],[County]]="West Sussex",Table1[[#This Row],[income]],0) -> 0 | BT19: =IF(Table1[[#This Row],[County]]="Devon",Table1[[#This Row],[income]],0) -> 0 | BU19: =IF(Table1[[#This Row],[County]]="Berkshire",Table1[[#This Row],[income]],0) -> 0 | BV19: =IF(Table1[[#This Row],[County]]="Staffordshire",Table1[[#This Row],[income]],0) -> 0 | BW19: =IF(Table1[[#This Row],[County]]="Leicestershire",Table1[[#This Row],[income]],0) -> 0 | BX19: =IF(Table1[[#This Row],[County]]="Cornwall",Table1[[#This Row],[income]],0) -> 0 | BY19: =IF(Table1[[#This Row],[County]]="Isle of Wight",Table1[[#This Row],[income]],0) -> 0 | BZ19: =IF(Table1[[#This Row],[County]]="Surrey",Table1[[#This Row],[income]],0) -> 0 | CA19: =IF(Table1[[#This Row],[County]]="Derbyshire",Table1[[#This Row],[income]],0) -> 0 | CB19: =IF(Table1[[#This Row],[County]]="City of London",Table1[[#This Row],[income]],0) -> 0 | CC19: =IF(Table1[[#This Row],[County]]="Bedfordshire",Table1[[#This Row],[income]],0) -> 0 | CD19: =IF(Table1[[#This Row],[County]]="County Durham",Table1[[#This Row],[income]],0) -> 0 | CE19: =IF(Table1[[#This Row],[County]]="East Riding of Yorkshire",Table1[[#This Row],[income]],0) -> 0 | CF19: =IF(Table1[[#This Row],[County]]="West Yorkshire",Table1[[#This Row],[income]],0) -> 0 | CG19: =IF(Table1[[#This Row],[County]]="Essex",Table1[[#This Row],[income]],0) -> 0 | CH19: =IF(Table1[[#This Row],[County]]="East Sussex",Table1[[#This Row],[income]],0) -> 0 | CI19: =IF(Table1[[#This Row],[County]]="Greater Manchester",Table1[[#This Row],[income]],0) -> 0 | CJ19: =IF(Table1[[#This Row],[County]]="Hertfordshire",Table1[[#This Row],[income]],0) -> 0 | CK19: =IF(Table1[[#This Row],[County]]="Herefordshire",Table1[[#This Row],[income]],0) -> 68844 | CL19: =IF(Table1[[#This Row],[County]]="Lancashire",Table1[[#This Row],[income]],0) -> 0 | CM19: =IF(Table1[[#This Row],[County]]="Merseyside",Table1[[#This Row],[income]],0) -> 0 | CN19: =IF(Table1[[#This Row],[County]]="Northamptonshire",Table1[[#This Row],[income]],0) -> 0 | CO19: =IF(Table1[[#This Row],[County]]="Northumberland",Table1[[#This Row],[income]],0) -> 0 | CP19: =IF(Table1[[#This Row],[County]]="Wiltshire",Table1[[#This Row],[income]],0) -> 0 | CQ19: =IF(Table1[[#This Row],[County]]="West Midlands",Table1[[#This Row],[income]],0) -> 0 | CR19: =IF(Table1[[#This Row],[County]]="Warwickshire",Table1[[#This Row],[income]],0) -> 0 | CS19: =IF(Table1[[#This Row],[County]]="Tyne and Wear",Table1[[#This Row],[income]],0) -> 0 | CT19: =IF(Table1[[#This Row],[County]]="Worcestershire",Table1[[#This Row],[income]],0) -> 0 | CU19: =IF(Table1[[#This Row],[County]]="Rutland",Table1[[#This Row],[income]],0) -> 0 | CV19: =IF(Table1[[#This Row],[County]]="Shropshire",Table1[[#This Row],[income]],0) -> 0 | CW19: =IF(Table1[[#This Row],[County]]="Dorset",Table1[[#This Row],[income]],0) -> 0 | CX19: =IF(Table1[[#This Row],[County]]="Buckinghamshire",Table1[[#This Row],[income]],0) -> 0 | CY19: =IF(Table1[[#This Row],[County]]="Suffolk",Table1[[#This Row],[income]],0) -> 0 | CZ19: =IF(Table1[[#This Row],[County]]="North Yorkshire",Table1[[#This Row],[income]],0) -> 0 | DA19: =IF(Table1[[#This Row],[County]]="Kent",Table1[[#This Row],[income]],0) -> 0 | DB19: =IF(Table1[[#This Row],[County]]="Derbyshire",Table1[[#This Row],[income]],0) -> 0 | DD19: =IF(Table1[[#This Row],[Column1]]="Health",Table1[[#This Row],[income]],0) -> 0 | DE19: =IF(Table1[[#This Row],[Column1]]="Agriculture",Table1[[#This Row],[income]],0) -> 0 | DF19: =IF(Table1[[#This Row],[Column1]]="Technology",Table1[[#This Row],[income]],0) -> 0 | DG19: =IF(Table1[[#This Row],[Column1]]="Social Service",Table1[[#This Row],[income]],0) -> 68844 | DH19: =IF(Table1[[#This Row],[Column1]]="Education",Table1[[#This Row],[income]],0) -> 0 | DI19: =IF(Table1[[#This Row],[Column1]]="Construction",Table1[[#This Row],[income]],0) -> 0 | DK19: =IF(Table1[[#This Row],[Value of Debts]]>Table1[[#This Row],[income]],1,0) -> 1 | DP19: =IF(Table1[[#This Row],[Net Worth (£)]]>$DS$5,C19,0) -> 0
A20: =RANDBETWEEN(1,2) -> 1 | B20: =IF(A20=1, "men", "women") -> men | C20: =RANDBETWEEN(25,50) -> 26 | D20: =RANDBETWEEN(1,6) -> 6 | E20: =VLOOKUP(D20,$W$5:$X$10,2) -> Agriculture | F20: =RANDBETWEEN(1,5) -> 5 | G20: =VLOOKUP(F20,$Y$5:$Z$9,2) -> Other | H20: =RANDBETWEEN(0,4) -> 2 | I20: =RANDBETWEEN(1,3) -> 2 | J20: =RANDBETWEEN(30000,100000) -> 57424 | K20: =RANDBETWEEN(1,48) -> 45 | L20: =VLOOKUP(K20,$AA$5:$AB$52,2) -> West Sussex | M20: =J20*(RANDBETWEEN(2,5)) -> 229696 | N20: =RAND()*M20 -> 69656.755 | O20: =I20*RAND()*J20 -> 75040.885 | P20: =RANDBETWEEN(0,O20) -> 48928 | Q20: =RAND()*J20*2 -> 23130.402 | R20: =RAND()*J20*1.5 -> 31676.638 | S20: =J20+R20+O20 -> 164141.52 | T20: =N20+P20+Q20 -> 141715.16 | U20: =S20-T20 -> 22426.367 | AA20: 16 | AB20: Essex | AC20: =IF(Table1[[#This Row],[gender]]="men",1,0) -> 1 | AD20: =IF(Table1[[#This Row],[gender]]="women",1,0) -> 0 | AJ20: =IF(Table1[[#This Row],[Column1]]="Health",1,0) -> 0 | AK20: =IF(Table1[[#This Row],[Column1]]="Construction",1,0) -> 0 | AL20: =IF(Table1[[#This Row],[Column1]]="Technology",1,0) -> 0 | AM20: =IF(Table1[[#This Row],[Column1]]="Education",1,0) -> 0 | AN20: =IF(Table1[[#This Row],[Column1]]="Agriculture",1,0) -> 1 | AO20: =IF(Table1[[#This Row],[Column1]]="Social Service", 1, 0) -> 0 | AV20: =(O21/I21) -> 10680.523 | AX20: =IF(Table1[[#This Row],[Value of Debts]]>$AY$4,1,0) -> 1 | BB20: =Table1[[#This Row],[Mortage Left]]/Table1[[#This Row],[Value of House]] -> 0.30325628 | BC20: =IF(BB20<$BD$4,1,0) -> 0 | BG20: =IF(Table1[[#This Row],[County]]="Cumbria",Table1[[#This Row],[income]],0) -> 0 | BH20: =IF(Table1[[#This Row],[County]]="Cheshire",Table1[[#This Row],[income]],0) -> 0 | BI20: =IF(Table1[[#This Row],[County]]="Bristol",Table1[[#This Row],[income]],0) -> 0 | BJ20: =IF(Table1[[#This Row],[County]]="Surrey",Table1[[#This Row],[income]],0) -> 0 | BK20: =IF(Table1[[#This Row],[County]]="Norfolk",Table1[[#This Row],[income]],0) -> 0 | BL20: =IF(Table1[[#This Row],[County]]="Lincolnshire",Table1[[#This Row],[income]],0) -> 0 | BM20: =IF(Table1[[#This Row],[County]]="Somerset",Table1[[#This Row],[income]],0) -> 0 | BN20: =IF(Table1[[#This Row],[County]]="Cambridgeshire",Table1[[#This Row],[income]],0) -> 0 | BO20: =IF(Table1[[#This Row],[County]]="South Yorkshire",Table1[[#This Row],[income]],0) -> 0 | BP20: =IF(Table1[[#This Row],[County]]="Greater London",Table1[[#This Row],[income]],0) -> 0 | BQ20: =IF(Table1[[#This Row],[County]]="Hampshire",Table1[[#This Row],[income]],0) -> 0 | BR20: =IF(Table1[[#This Row],[County]]="Gloucestershire",Table1[[#This Row],[income]],0) -> 0 | BS20: =IF(Table1[[#This Row],[County]]="West Sussex",Table1[[#This Row],[income]],0) -> 57424 | BT20: =IF(Table1[[#This Row],[County]]="Devon",Table1[[#This Row],[income]],0) -> 0 | BU20: =IF(Table1[[#This Row],[County]]="Berkshire",Table1[[#This Row],[income]],0) -> 0 | BV20: =IF(Table1[[#This Row],[County]]="Staffordshire",Table1[[#This Row],[income]],0) -> 0 | BW20: =IF(Table1[[#This Row],[County]]="Leicestershire",Table1[[#This Row],[income]],0) -> 0 | BX20: =IF(Table1[[#This Row],[County]]="Cornwall",Table1[[#This Row],[income]],0) -> 0 | BY20: =IF(Table1[[#This Row],[County]]="Isle of Wight",Table1[[#This Row],[income]],0) -> 0 | BZ20: =IF(Table1[[#This Row],[County]]="Surrey",Table1[[#This Row],[income]],0) -> 0 | CA20: =IF(Table1[[#This Row],[County]]="Derbyshire",Table1[[#This Row],[income]],0) -> 0 | CB20: =IF(Table1[[#This Row],[County]]="City of London",Table1[[#This Row],[income]],0) -> 0 | CC20: =IF(Table1[[#This Row],[County]]="Bedfordshire",Table1[[#This Row],[income]],0) -> 0 | CD20: =IF(Table1[[#This Row],[County]]="County Durham",Table1[[#This Row],[income]],0) -> 0 | CE20: =IF(Table1[[#This Row],[County]]="East Riding of Yorkshire",Table1[[#This Row],[income]],0) -> 0 | CF20: =IF(Table1[[#This Row],[County]]="West Yorkshire",Table1[[#This Row],[income]],0) -> 0 | CG20: =IF(Table1[[#This Row],[County]]="Essex",Table1[[#This Row],[income]],0) -> 0 | CH20: =IF(Table1[[#This Row],[County]]="East Sussex",Table1[[#This Row],[income]],0) -> 0 | CI20: =IF(Table1[[#This Row],[County]]="Greater Manchester",Table1[[#This Row],[income]],0) -> 0 | CJ20: =IF(Table1[[#This Row],[County]]="Hertfordshire",Table1[[#This Row],[income]],0) -> 0 | CK20: =IF(Table1[[#This Row],[County]]="Herefordshire",Table1[[#This Row],[income]],0) -> 0 | CL20: =IF(Table1[[#This Row],[County]]="Lancashire",Table1[[#This Row],[income]],0) -> 0 | CM20: =IF(Table1[[#This Row],[County]]="Merseyside",Table1[[#This Row],[income]],0) -> 0 | CN20: =IF(Table1[[#This Row],[County]]="Northamptonshire",Table1[[#This Row],[income]],0) -> 0 | CO20: =IF(Table1[[#This Row],[County]]="Northumberland",Table1[[#This Row],[income]],0) -> 0 | CP20: =IF(Table1[[#This Row],[County]]="Wiltshire",Table1[[#This Row],[income]],0) -> 0 | CQ20: =IF(Table1[[#This Row],[County]]="West Midlands",Table1[[#This Row],[income]],0) -> 0 | CR20: =IF(Table1[[#This Row],[County]]="Warwickshire",Table1[[#This Row],[income]],0) -> 0 | CS20: =IF(Table1[[#This Row],[County]]="Tyne and Wear",Table1[[#This Row],[income]],0) -> 0 | CT20: =IF(Table1[[#This Row],[County]]="Worcestershire",Table1[[#This Row],[income]],0) -> 0 | CU20: =IF(Table1[[#This Row],[County]]="Rutland",Table1[[#This Row],[income]],0) -> 0 | CV20: =IF(Table1[[#This Row],[County]]="Shropshire",Table1[[#This Row],[income]],0) -> 0 | CW20: =IF(Table1[[#This Row],[County]]="Dorset",Table1[[#This Row],[income]],0) -> 0 | CX20: =IF(Table1[[#This Row],[County]]="Buckinghamshire",Table1[[#This Row],[income]],0) -> 0 | CY20: =IF(Table1[[#This Row],[County]]="Suffolk",Table1[[#This Row],[income]],0) -> 0 | CZ20: =IF(Table1[[#This Row],[County]]="North Yorkshire",Table1[[#This Row],[income]],0) -> 0 | DA20: =IF(Table1[[#This Row],[County]]="Kent",Table1[[#This Row],[income]],0) -> 0 | DB20: =IF(Table1[[#This Row],[County]]="Derbyshire",Table1[[#This Row],[income]],0) -> 0 | DD20: =IF(Table1[[#This Row],[Column1]]="Health",Table1[[#This Row],[income]],0) -> 0 | DE20: =IF(Table1[[#This Row],[Column1]]="Agriculture",Table1[[#This Row],[income]],0) -> 57424 | DF20: =IF(Table1[[#This Row],[Column1]]="Technology",Table1[[#This Row],[income]],0) -> 0 | DG20: =IF(Table1[[#This Row],[Column1]]="Social Service",Table1[[#This Row],[income]],0) -> 0 | DH20: =IF(Table1[[#This Row],[Column1]]="Education",Table1[[#This Row],[income]],0) -> 0 | DI20: =IF(Table1[[#This Row],[Column1]]="Construction",Table1[[#This Row],[income]],0) -> 0 | DK20: =IF(Table1[[#This Row],[Value of Debts]]>Table1[[#This Row],[income]],1,0) -> 1 | DP20: =IF(Table1[[#This Row],[Net Worth (£)]]>$DS$5,C20,0) -> 0
A21: =RANDBETWEEN(1,2) -> 1 | B21: =IF(A21=1, "men", "women") -> men | C21: =RANDBETWEEN(25,50) -> 31 | D21: =RANDBETWEEN(1,6) -> 5 | E21: =VLOOKUP(D21,$W$5:$X$10,2) -> Social Service | F21: =RANDBETWEEN(1,5) -> 4 | G21: =VLOOKUP(F21,$Y$5:$Z$9,2) -> Technical | H21: =RANDBETWEEN(0,4) -> 3 | I21: =RANDBETWEEN(1,3) -> 1 | J21: =RANDBETWEEN(30000,100000) -> 34847 | K21: =RANDBETWEEN(1,48) -> 29 | L21: =VLOOKUP(K21,$AA$5:$AB$52,2) -> Norfolk | M21: =J21*(RANDBETWEEN(2,5)) -> 174235 | N21: =RAND()*M21 -> 83668.081 | O21: =I21*RAND()*J21 -> 10680.523 | P21: =RANDBETWEEN(0,O21) -> 8941 | Q21: =RAND()*J21*2 -> 18613.255 | R21: =RAND()*J21*1.5 -> 26933.444 | S21: =J21+R21+O21 -> 72460.967 | T21: =N21+P21+Q21 -> 111222.34 | U21: =S21-T21 -> -38761.368 | AA21: 17 | AB21: Gloucestershire | AC21: =IF(Table1[[#This Row],[gender]]="men",1,0) -> 1 | AD21: =IF(Table1[[#This Row],[gender]]="women",1,0) -> 0 | AJ21: =IF(Table1[[#This Row],[Column1]]="Health",1,0) -> 0 | AK21: =IF(Table1[[#This Row],[Column1]]="Construction",1,0) -> 0 | AL21: =IF(Table1[[#This Row],[Column1]]="Technology",1,0) -> 0 | AM21: =IF(Table1[[#This Row],[Column1]]="Education",1,0) -> 0 | AN21: =IF(Table1[[#This Row],[Column1]]="Agriculture",1,0) -> 0 | AO21: =IF(Table1[[#This Row],[Column1]]="Social Service", 1, 0) -> 1 | AV21: =(O22/I22) -> 1690.0762 | AX21: =IF(Table1[[#This Row],[Value of Debts]]>$AY$4,1,0) -> 1 | BB21: =Table1[[#This Row],[Mortage Left]]/Table1[[#This Row],[Value of House]] -> 0.48020249 | BC21: =IF(BB21<$BD$4,1,0) -> 0 | BG21: =IF(Table1[[#This Row],[County]]="Cumbria",Table1[[#This Row],[income]],0) -> 0 | BH21: =IF(Table1[[#This Row],[County]]="Cheshire",Table1[[#This Row],[income]],0) -> 0 | BI21: =IF(Table1[[#This Row],[County]]="Bristol",Table1[[#This Row],[income]],0) -> 0 | BJ21: =IF(Table1[[#This Row],[County]]="Surrey",Table1[[#This Row],[income]],0) -> 0 | BK21: =IF(Table1[[#This Row],[County]]="Norfolk",Table1[[#This Row],[income]],0) -> 34847 | BL21: =IF(Table1[[#This Row],[County]]="Lincolnshire",Table1[[#This Row],[income]],0) -> 0 | BM21: =IF(Table1[[#This Row],[County]]="Somerset",Table1[[#This Row],[income]],0) -> 0 | BN21: =IF(Table1[[#This Row],[County]]="Cambridgeshire",Table1[[#This Row],[income]],0) -> 0 | BO21: =IF(Table1[[#This Row],[County]]="South Yorkshire",Table1[[#This Row],[income]],0) -> 0 | BP21: =IF(Table1[[#This Row],[County]]="Greater London",Table1[[#This Row],[income]],0) -> 0 | BQ21: =IF(Table1[[#This Row],[County]]="Hampshire",Table1[[#This Row],[income]],0) -> 0 | BR21: =IF(Table1[[#This Row],[County]]="Gloucestershire",Table1[[#This Row],[income]],0) -> 0 | BS21: =IF(Table1[[#This Row],[County]]="West Sussex",Table1[[#This Row],[income]],0) -> 0 | BT21: =IF(Table1[[#This Row],[County]]="Devon",Table1[[#This Row],[income]],0) -> 0 | BU21: =IF(Table1[[#This Row],[County]]="Berkshire",Table1[[#This Row],[income]],0) -> 0 | BV21: =IF(Table1[[#This Row],[County]]="Staffordshire",Table1[[#This Row],[income]],0) -> 0 | BW21: =IF(Table1[[#This Row],[County]]="Leicestershire",Table1[[#This Row],[income]],0) -> 0 | BX21: =IF(Table1[[#This Row],[County]]="Cornwall",Table1[[#This Row],[income]],0) -> 0 | BY21: =IF(Table1[[#This Row],[County]]="Isle of Wight",Table1[[#This Row],[income]],0) -> 0 | BZ21: =IF(Table1[[#This Row],[County]]="Surrey",Table1[[#This Row],[income]],0) -> 0 | CA21: =IF(Table1[[#This Row],[County]]="Derbyshire",Table1[[#This Row],[income]],0) -> 0 | CB21: =IF(Table1[[#This Row],[County]]="City of London",Table1[[#This Row],[income]],0) -> 0 | CC21: =IF(Table1[[#This Row],[County]]="Bedfordshire",Table1[[#This Row],[income]],0) -> 0 | CD21: =IF(Table1[[#This Row],[County]]="County Durham",Table1[[#This Row],[income]],0) -> 0 | CE21: =IF(Table1[[#This Row],[County]]="East Riding of Yorkshire",Table1[[#This Row],[income]],0) -> 0 | CF21: =IF(Table1[[#This Row],[County]]="West Yorkshire",Table1[[#This Row],[income]],0) -> 0 | CG21: =IF(Table1[[#This Row],[County]]="Essex",Table1[[#This Row],[income]],0) -> 0 | CH21: =IF(Table1[[#This Row],[County]]="East Sussex",Table1[[#This Row],[income]],0) -> 0 | CI21: =IF(Table1[[#This Row],[County]]="Greater Manchester",Table1[[#This Row],[income]],0) -> 0 | CJ21: =IF(Table1[[#This Row],[County]]="Hertfordshire",Table1[[#This Row],[income]],0) -> 0 | CK21: =IF(Table1[[#This Row],[County]]="Herefordshire",Table1[[#This Row],[income]],0) -> 0 | CL21: =IF(Table1[[#This Row],[County]]="Lancashire",Table1[[#This Row],[income]],0) -> 0 | CM21: =IF(Table1[[#This Row],[County]]="Merseyside",Table1[[#This Row],[income]],0) -> 0 | CN21: =IF(Table1[[#This Row],[County]]="Northamptonshire",Table1[[#This Row],[income]],0) -> 0 | CO21: =IF(Table1[[#This Row],[County]]="Northumberland",Table1[[#This Row],[income]],0) -> 0 | CP21: =IF(Table1[[#This Row],[County]]="Wiltshire",Table1[[#This Row],[income]],0) -> 0 | CQ21: =IF(Table1[[#This Row],[County]]="West Midlands",Table1[[#This Row],[income]],0) -> 0 | CR21: =IF(Table1[[#This Row],[County]]="Warwickshire",Table1[[#This Row],[income]],0) -> 0 | CS21: =IF(Table1[[#This Row],[County]]="Tyne and Wear",Table1[[#This Row],[income]],0) -> 0 | CT21: =IF(Table1[[#This Row],[County]]="Worcestershire",Table1[[#This Row],[income]],0) -> 0 | CU21: =IF(Table1[[#This Row],[County]]="Rutland",Table1[[#This Row],[income]],0) -> 0 | CV21: =IF(Table1[[#This Row],[County]]="Shropshire",Table1[[#This Row],[income]],0) -> 0 | CW21: =IF(Table1[[#This Row],[County]]="Dorset",Table1[[#This Row],[income]],0) -> 0 | CX21: =IF(Table1[[#This Row],[County]]="Buckinghamshire",Table1[[#This Row],[income]],0) -> 0 | CY21: =IF(Table1[[#This Row],[County]]="Suffolk",Table1[[#This Row],[income]],0) -> 0 | CZ21: =IF(Table1[[#This Row],[County]]="North Yorkshire",Table1[[#This Row],[income]],0) -> 0 | DA21: =IF(Table1[[#This Row],[County]]="Kent",Table1[[#This Row],[income]],0) -> 0 | DB21: =IF(Table1[[#This Row],[County]]="Derbyshire",Table1[[#This Row],[income]],0) -> 0 | DD21: =IF(Table1[[#This Row],[Column1]]="Health",Table1[[#This Row],[income]],0) -> 0 | DE21: =IF(Table1[[#This Row],[Column1]]="Agriculture",Table1[[#This Row],[income]],0) -> 0 | DF21: =IF(Table1[[#This Row],[Column1]]="Technology",Table1[[#This Row],[income]],0) -> 0 | DG21: =IF(Table1[[#This Row],[Column1]]="Social Service",Table1[[#This Row],[income]],0) -> 34847 | DH21: =IF(Table1[[#This Row],[Column1]]="Education",Table1[[#This Row],[income]],0) -> 0 | DI21: =IF(Table1[[#This Row],[Column1]]="Construction",Table1[[#This Row],[income]],0) -> 0 | DK21: =IF(Table1[[#This Row],[Value of Debts]]>Table1[[#This Row],[income]],1,0) -> 1 | DP21: =IF(Table1[[#This Row],[Net Worth (£)]]>$DS$5,C21,0) -> 0
A22: =RANDBETWEEN(1,2) -> 2 | B22: =IF(A22=1, "men", "women") -> women | C22: =RANDBETWEEN(25,50) -> 28 | D22: =RANDBETWEEN(1,6) -> 6 | E22: =VLOOKUP(D22,$W$5:$X$10,2) -> Agriculture | F22: =RANDBETWEEN(1,5) -> 4 | G22: =VLOOKUP(F22,$Y$5:$Z$9,2) -> Technical | H22: =RANDBETWEEN(0,4) -> 2 | I22: =RANDBETWEEN(1,3) -> 1 | J22: =RANDBETWEEN(30000,100000) -> 72636 | K22: =RANDBETWEEN(1,48) -> 33 | L22: =VLOOKUP(K22,$AA$5:$AB$52,2) -> Nottinghamshire | M22: =J22*(RANDBETWEEN(2,5)) -> 363180 | N22: =RAND()*M22 -> 327977.01 | O22: =I22*RAND()*J22 -> 1690.0762 | P22: =RANDBETWEEN(0,O22) -> 137 | Q22: =RAND()*J22*2 -> 17303.963 | R22: =RAND()*J22*1.5 -> 56143.065 | S22: =J22+R22+O22 -> 130469.14 | T22: =N22+P22+Q22 -> 345417.97 | U22: =S22-T22 -> -214948.83 | AA22: 18 | AB22: Greater London | AC22: =IF(Table1[[#This Row],[gender]]="men",1,0) -> 0 | AD22: =IF(Table1[[#This Row],[gender]]="women",1,0) -> 1 | AJ22: =IF(Table1[[#This Row],[Column1]]="Health",1,0) -> 0 | AK22: =IF(Table1[[#This Row],[Column1]]="Construction",1,0) -> 0 | AL22: =IF(Table1[[#This Row],[Column1]]="Technology",1,0) -> 0 | AM22: =IF(Table1[[#This Row],[Column1]]="Education",1,0) -> 0 | AN22: =IF(Table1[[#This Row],[Column1]]="Agriculture",1,0) -> 1 | AO22: =IF(Table1[[#This Row],[Column1]]="Social Service", 1, 0) -> 0 | AV22: =(O23/I23) -> 67119.014 | AX22: =IF(Table1[[#This Row],[Value of Debts]]>$AY$4,1,0) -> 1 | BB22: =Table1[[#This Row],[Mortage Left]]/Table1[[#This Row],[Value of House]] -> 0.90307012 | BC22: =IF(BB22<$BD$4,1,0) -> 0 | BG22: =IF(Table1[[#This Row],[County]]="Cumbria",Table1[[#This Row],[income]],0) -> 0 | BH22: =IF(Table1[[#This Row],[County]]="Cheshire",Table1[[#This Row],[income]],0) -> 0 | BI22: =IF(Table1[[#This Row],[County]]="Bristol",Table1[[#This Row],[income]],0) -> 0 | BJ22: =IF(Table1[[#This Row],[County]]="Surrey",Table1[[#This Row],[income]],0) -> 0 | BK22: =IF(Table1[[#This Row],[County]]="Norfolk",Table1[[#This Row],[income]],0) -> 0 | BL22: =IF(Table1[[#This Row],[County]]="Lincolnshire",Table1[[#This Row],[income]],0) -> 0 | BM22: =IF(Table1[[#This Row],[County]]="Somerset",Table1[[#This Row],[income]],0) -> 0 | BN22: =IF(Table1[[#This Row],[County]]="Cambridgeshire",Table1[[#This Row],[income]],0) -> 0 | BO22: =IF(Table1[[#This Row],[County]]="South Yorkshire",Table1[[#This Row],[income]],0) -> 0 | BP22: =IF(Table1[[#This Row],[County]]="Greater London",Table1[[#This Row],[income]],0) -> 0 | BQ22: =IF(Table1[[#This Row],[County]]="Hampshire",Table1[[#This Row],[income]],0) -> 0 | BR22: =IF(Table1[[#This Row],[County]]="Gloucestershire",Table1[[#This Row],[income]],0) -> 0 | BS22: =IF(Table1[[#This Row],[County]]="West Sussex",Table1[[#This Row],[income]],0) -> 0 | BT22: =IF(Table1[[#This Row],[County]]="Devon",Table1[[#This Row],[income]],0) -> 0 | BU22: =IF(Table1[[#This Row],[County]]="Berkshire",Table1[[#This Row],[income]],0) -> 0 | BV22: =IF(Table1[[#This Row],[County]]="Staffordshire",Table1[[#This Row],[income]],0) -> 0 | BW22: =IF(Table1[[#This Row],[County]]="Leicestershire",Table1[[#This Row],[income]],0) -> 0 | BX22: =IF(Table1[[#This Row],[County]]="Cornwall",Table1[[#This Row],[income]],0) -> 0 | BY22: =IF(Table1[[#This Row],[County]]="Isle of Wight",Table1[[#This Row],[income]],0) -> 0 | BZ22: =IF(Table1[[#This Row],[County]]="Surrey",Table1[[#This Row],[income]],0) -> 0 | CA22: =IF(Table1[[#This Row],[County]]="Derbyshire",Table1[[#This Row],[income]],0) -> 0 | CB22: =IF(Table1[[#This Row],[County]]="City of London",Table1[[#This Row],[income]],0) -> 0 | CC22: =IF(Table1[[#This Row],[County]]="Bedfordshire",Table1[[#This Row],[income]],0) -> 0 | CD22: =IF(Table1[[#This Row],[County]]="County Durham",Table1[[#This Row],[income]],0) -> 0 | CE22: =IF(Table1[[#This Row],[County]]="East Riding of Yorkshire",Table1[[#This Row],[income]],0) -> 0 | CF22: =IF(Table1[[#This Row],[County]]="West Yorkshire",Table1[[#This Row],[income]],0) -> 0 | CG22: =IF(Table1[[#This Row],[County]]="Essex",Table1[[#This Row],[income]],0) -> 0 | CH22: =IF(Table1[[#This Row],[County]]="East Sussex",Table1[[#This Row],[income]],0) -> 0 | CI22: =IF(Table1[[#This Row],[County]]="Greater Manchester",Table1[[#This Row],[income]],0) -> 0 | CJ22: =IF(Table1[[#This Row],[County]]="Hertfordshire",Table1[[#This Row],[income]],0) -> 0 | CK22: =IF(Table1[[#This Row],[County]]="Herefordshire",Table1[[#This Row],[income]],0) -> 0 | CL22: =IF(Table1[[#This Row],[County]]="Lancashire",Table1[[#This Row],[income]],0) -> 0 | CM22: =IF(Table1[[#This Row],[County]]="Merseyside",Table1[[#This Row],[income]],0) -> 0 | CN22: =IF(Table1[[#This Row],[County]]="Northamptonshire",Table1[[#This Row],[income]],0) -> 0 | CO22: =IF(Table1[[#This Row],[County]]="Northumberland",Table1[[#This Row],[income]],0) -> 0 | CP22: =IF(Table1[[#This Row],[County]]="Wiltshire",Table1[[#This Row],[income]],0) -> 0 | CQ22: =IF(Table1[[#This Row],[County]]="West Midlands",Table1[[#This Row],[income]],0) -> 0 | CR22: =IF(Table1[[#This Row],[County]]="Warwickshire",Table1[[#This Row],[income]],0) -> 0 | CS22: =IF(Table1[[#This Row],[County]]="Tyne and Wear",Table1[[#This Row],[income]],0) -> 0 | CT22: =IF(Table1[[#This Row],[County]]="Worcestershire",Table1[[#This Row],[income]],0) -> 0 | CU22: =IF(Table1[[#This Row],[County]]="Rutland",Table1[[#This Row],[income]],0) -> 0 | CV22: =IF(Table1[[#This Row],[County]]="Shropshire",Table1[[#This Row],[income]],0) -> 0 | CW22: =IF(Table1[[#This Row],[County]]="Dorset",Table1[[#This Row],[income]],0) -> 0 | CX22: =IF(Table1[[#This Row],[County]]="Buckinghamshire",Table1[[#This Row],[income]],0) -> 0 | CY22: =IF(Table1[[#This Row],[County]]="Suffolk",Table1[[#This Row],[income]],0) -> 0 | CZ22: =IF(Table1[[#This Row],[County]]="North Yorkshire",Table1[[#This Row],[income]],0) -> 0 | DA22: =IF(Table1[[#This Row],[County]]="Kent",Table1[[#This Row],[income]],0) -> 0 | DB22: =IF(Table1[[#This Row],[County]]="Derbyshire",Table1[[#This Row],[income]],0) -> 0 | DD22: =IF(Table1[[#This Row],[Column1]]="Health",Table1[[#This Row],[income]],0) -> 0 | DE22: =IF(Table1[[#This Row],[Column1]]="Agriculture",Table1[[#This Row],[income]],0) -> 72636 | DF22: =IF(Table1[[#This Row],[Column1]]="Technology",Table1[[#This Row],[income]],0) -> 0 | DG22: =IF(Table1[[#This Row],[Column1]]="Social Service",Table1[[#This Row],[income]],0) -> 0 | DH22: =IF(Table1[[#This Row],[Column1]]="Education",Table1[[#This Row],[income]],0) -> 0 | DI22: =IF(Table1[[#This Row],[Column1]]="Construction",Table1[[#This Row],[income]],0) -> 0 | DK22: =IF(Table1[[#This Row],[Value of Debts]]>Table1[[#This Row],[income]],1,0) -> 1 | DP22: =IF(Table1[[#This Row],[Net Worth (£)]]>$DS$5,C22,0) -> 0
... A52: =RANDBETWEEN(1,2) -> 1 | B52: =IF(A52=1, "men", "women") -> men | C52: =RANDBETWEEN(25,50) -> 28 | D52: =RANDBETWEEN(1,6) -> 2 | E52: =VLOOKUP(D52,$W$5:$X$10,2) -> Construction | F52: =RANDBETWEEN(1,5) -> 1 | G52: =VLOOKUP(F52,$Y$5:$Z$9,2) -> High School | H52: =RANDBETWEEN(0,4) -> 0 | I52: =RANDBETWEEN(1,3) -> 2 | J52: =RANDBETWEEN(30000,100000) -> 39203 | K52: =RANDBETWEEN(1,48) -> 23 | L52: =VLOOKUP(K52,$AA$5:$AB$52,2) -> Isle of Wight | M52: =J52*(RANDBETWEEN(2,5)) -> 78406 | N52: =RAND()*M52 -> 14906.558 | O52: =I52*RAND()*J52 -> 32382.853 | P52: =RANDBETWEEN(0,O52) -> 20319 | Q52: =RAND()*J52*2 -> 68770.294 | R52: =RAND()*J52*1.5 -> 4952.7461 | S52: =J52+R52+O52 -> 76538.599 | T52: =N52+P52+Q52 -> 103995.85 | U52: =S52-T52 -> -27457.253 | AA52: 48 | AB52: Worcestershire | AC52: =IF(Table1[[#This Row],[gender]]="men",1,0) -> 1 | AD52: =IF(Table1[[#This Row],[gender]]="women",1,0) -> 0 | AJ52: =IF(Table1[[#This Row],[Column1]]="Health",1,0) -> 0 | AK52: =IF(Table1[[#This Row],[Column1]]="Construction",1,0) -> 1 | AL52: =IF(Table1[[#This Row],[Column1]]="Technology",1,0) -> 0 | AM52: =IF(Table1[[#This Row],[Column1]]="Education",1,0) -> 0 | AN52: =IF(Table1[[#This Row],[Column1]]="Agriculture",1,0) -> 0 | AO52: =IF(Table1[[#This Row],[Column1]]="Social Service", 1, 0) -> 0 | AV52: =(O53/I53) -> 83441.292 | AX52: =IF(Table1[[#This Row],[Value of Debts]]>$AY$4,1,0) -> 1 | BB52: =Table1[[#This Row],[Mortage Left]]/Table1[[#This Row],[Value of House]] -> 0.19012012 | BC52: =IF(BB52<$BD$4,1,0) -> 1 | BG52: =IF(Table1[[#This Row],[County]]="Cumbria",Table1[[#This Row],[income]],0) -> 0 | BH52: =IF(Table1[[#This Row],[County]]="Cheshire",Table1[[#This Row],[income]],0) -> 0 | BI52: =IF(Table1[[#This Row],[County]]="Bristol",Table1[[#This Row],[income]],0) -> 0 | BJ52: =IF(Table1[[#This Row],[County]]="Surrey",Table1[[#This Row],[income]],0) -> 0 | BK52: =IF(Table1[[#This Row],[County]]="Norfolk",Table1[[#This Row],[income]],0) -> 0 | BL52: =IF(Table1[[#This Row],[County]]="Lincolnshire",Table1[[#This Row],[income]],0) -> 0 | BM52: =IF(Table1[[#This Row],[County]]="Somerset",Table1[[#This Row],[income]],0) -> 0 | BN52: =IF(Table1[[#This Row],[County]]="Cambridgeshire",Table1[[#This Row],[income]],0) -> 0 | BO52: =IF(Table1[[#This Row],[County]]="South Yorkshire",Table1[[#This Row],[income]],0) -> 0 | BP52: =IF(Table1[[#This Row],[County]]="Greater London",Table1[[#This Row],[income]],0) -> 0 | BQ52: =IF(Table1[[#This Row],[County]]="Hampshire",Table1[[#This Row],[income]],0) -> 0 | BR52: =IF(Table1[[#This Row],[County]]="Gloucestershire",Table1[[#This Row],[income]],0) -> 0 | BS52: =IF(Table1[[#This Row],[County]]="West Sussex",Table1[[#This Row],[income]],0) -> 0 | BT52: =IF(Table1[[#This Row],[County]]="Devon",Table1[[#This Row],[income]],0) -> 0 | BU52: =IF(Table1[[#This Row],[County]]="Berkshire",Table1[[#This Row],[income]],0) -> 0 | BV52: =IF(Table1[[#This Row],[County]]="Staffordshire",Table1[[#This Row],[income]],0) -> 0 | BW52: =IF(Table1[[#This Row],[County]]="Leicestershire",Table1[[#This Row],[income]],0) -> 0 | BX52: =IF(Table1[[#This Row],[County]]="Cornwall",Table1[[#This Row],[income]],0) -> 0 | BY52: =IF(Table1[[#This Row],[County]]="Isle of Wight",Table1[[#This Row],[income]],0) -> 39203 | BZ52: =IF(Table1[[#This Row],[County]]="Surrey",Table1[[#This Row],[income]],0) -> 0 | CA52: =IF(Table1[[#This Row],[County]]="Derbyshire",Table1[[#This Row],[income]],0) -> 0 | CB52: =IF(Table1[[#This Row],[County]]="City of London",Table1[[#This Row],[income]],0) -> 0 | CC52: =IF(Table1[[#This Row],[County]]="Bedfordshire",Table1[[#This Row],[income]],0) -> 0 | CD52: =IF(Table1[[#This Row],[County]]="County Durham",Table1[[#This Row],[income]],0) -> 0 | CE52: =IF(Table1[[#This Row],[County]]="East Riding of Yorkshire",Table1[[#This Row],[income]],0) -> 0 | CF52: =IF(Table1[[#This Row],[County]]="West Yorkshire",Table1[[#This Row],[income]],0) -> 0 | CG52: =IF(Table1[[#This Row],[County]]="Essex",Table1[[#This Row],[income]],0) -> 0 | CH52: =IF(Table1[[#This Row],[County]]="East Sussex",Table1[[#This Row],[income]],0) -> 0 | CI52: =IF(Table1[[#This Row],[County]]="Greater Manchester",Table1[[#This Row],[income]],0) -> 0 | CJ52: =IF(Table1[[#This Row],[County]]="Hertfordshire",Table1[[#This Row],[income]],0) -> 0 | CK52: =IF(Table1[[#This Row],[County]]="Herefordshire",Table1[[#This Row],[income]],0) -> 0 | CL52: =IF(Table1[[#This Row],[County]]="Lancashire",Table1[[#This Row],[income]],0) -> 0 | CM52: =IF(Table1[[#This Row],[County]]="Merseyside",Table1[[#This Row],[income]],0) -> 0 | CN52: =IF(Table1[[#This Row],[County]]="Northamptonshire",Table1[[#This Row],[income]],0) -> 0 | CO52: =IF(Table1[[#This Row],[County]]="Northumberland",Table1[[#This Row],[income]],0) -> 0 | CP52: =IF(Table1[[#This Row],[County]]="Wiltshire",Table1[[#This Row],[income]],0) -> 0 | CQ52: =IF(Table1[[#This Row],[County]]="West Midlands",Table1[[#This Row],[income]],0) -> 0 | CR52: =IF(Table1[[#This Row],[County]]="Warwickshire",Table1[[#This Row],[income]],0) -> 0 | CS52: =IF(Table1[[#This Row],[County]]="Tyne and Wear",Table1[[#This Row],[income]],0) -> 0 | CT52: =IF(Table1[[#This Row],[County]]="Worcestershire",Table1[[#This Row],[income]],0) -> 0 | CU52: =IF(Table1[[#This Row],[County]]="Rutland",Table1[[#This Row],[income]],0) -> 0 | CV52: =IF(Table1[[#This Row],[County]]="Shropshire",Table1[[#This Row],[income]],0) -> 0 | CW52: =IF(Table1[[#This Row],[County]]="Dorset",Table1[[#This Row],[income]],0) -> 0 | CX52: =IF(Table1[[#This Row],[County]]="Buckinghamshire",Table1[[#This Row],[income]],0) -> 0 | CY52: =IF(Table1[[#This Row],[County]]="Suffolk",Table1[[#This Row],[income]],0) -> 0 | CZ52: =IF(Table1[[#This Row],[County]]="North Yorkshire",Table1[[#This Row],[income]],0) -> 0 | DA52: =IF(Table1[[#This Row],[County]]="Kent",Table1[[#This Row],[income]],0) -> 0 | DB52: =IF(Table1[[#This Row],[County]]="Derbyshire",Table1[[#This Row],[income]],0) -> 0 | DD52: =IF(Table1[[#This Row],[Column1]]="Health",Table1[[#This Row],[income]],0) -> 0 | DE52: =IF(Table1[[#This Row],[Column1]]="Agriculture",Table1[[#This Row],[income]],0) -> 0 | DF52: =IF(Table1[[#This Row],[Column1]]="Technology",Table1[[#This Row],[income]],0) -> 0 | DG52: =IF(Table1[[#This Row],[Column1]]="Social Service",Table1[[#This Row],[income]],0) -> 0 | DH52: =IF(Table1[[#This Row],[Column1]]="Education",Table1[[#This Row],[income]],0) -> 0 | DI52: =IF(Table1[[#This Row],[Column1]]="Construction",Table1[[#This Row],[income]],0) -> 39203 | DK52: =IF(Table1[[#This Row],[Value of Debts]]>Table1[[#This Row],[income]],1,0) -> 1 | DP52: =IF(Table1[[#This Row],[Net Worth (£)]]>$DS$5,C52,0) -> 0
A53: =RANDBETWEEN(1,2) -> 1 | B53: =IF(A53=1, "men", "women") -> men | C53: =RANDBETWEEN(25,50) -> 32 | D53: =RANDBETWEEN(1,6) -> 1 | E53: =VLOOKUP(D53,$W$5:$X$10,2) -> Health | F53: =RANDBETWEEN(1,5) -> 1 | G53: =VLOOKUP(F53,$Y$5:$Z$9,2) -> High School | H53: =RANDBETWEEN(0,4) -> 0 | I53: =RANDBETWEEN(1,3) -> 2 | J53: =RANDBETWEEN(30000,100000) -> 83966 | K53: =RANDBETWEEN(1,48) -> 45 | L53: =VLOOKUP(K53,$AA$5:$AB$52,2) -> West Sussex | M53: =J53*(RANDBETWEEN(2,5)) -> 335864 | N53: =RAND()*M53 -> 180096.27 | O53: =I53*RAND()*J53 -> 166882.58 | P53: =RANDBETWEEN(0,O53) -> 38023 | Q53: =RAND()*J53*2 -> 154968.7 | R53: =RAND()*J53*1.5 -> 19895.069 | S53: =J53+R53+O53 -> 270743.65 | T53: =N53+P53+Q53 -> 373087.97 | U53: =S53-T53 -> -102344.32 | AC53: =IF(Table1[[#This Row],[gender]]="men",1,0) -> 1 | AD53: =IF(Table1[[#This Row],[gender]]="women",1,0) -> 0 | AJ53: =IF(Table1[[#This Row],[Column1]]="Health",1,0) -> 1 | AK53: =IF(Table1[[#This Row],[Column1]]="Construction",1,0) -> 0 | AL53: =IF(Table1[[#This Row],[Column1]]="Technology",1,0) -> 0 | AM53: =IF(Table1[[#This Row],[Column1]]="Education",1,0) -> 0 | AN53: =IF(Table1[[#This Row],[Column1]]="Agriculture",1,0) -> 0 | AO53: =IF(Table1[[#This Row],[Column1]]="Social Service", 1, 0) -> 0 | AV53: =(O54/I54) -> 13744.467 | AX53: =IF(Table1[[#This Row],[Value of Debts]]>$AY$4,1,0) -> 1 | BB53: =Table1[[#This Row],[Mortage Left]]/Table1[[#This Row],[Value of House]] -> 0.53621784 | BC53: =IF(BB53<$BD$4,1,0) -> 0 | BG53: =IF(Table1[[#This Row],[County]]="Cumbria",Table1[[#This Row],[income]],0) -> 0 | BH53: =IF(Table1[[#This Row],[County]]="Cheshire",Table1[[#This Row],[income]],0) -> 0 | BI53: =IF(Table1[[#This Row],[County]]="Bristol",Table1[[#This Row],[income]],0) -> 0 | BJ53: =IF(Table1[[#This Row],[County]]="Surrey",Table1[[#This Row],[income]],0) -> 0 | BK53: =IF(Table1[[#This Row],[County]]="Norfolk",Table1[[#This Row],[income]],0) -> 0 | BL53: =IF(Table1[[#This Row],[County]]="Lincolnshire",Table1[[#This Row],[income]],0) -> 0 | BM53: =IF(Table1[[#This Row],[County]]="Somerset",Table1[[#This Row],[income]],0) -> 0 | BN53: =IF(Table1[[#This Row],[County]]="Cambridgeshire",Table1[[#This Row],[income]],0) -> 0 | BO53: =IF(Table1[[#This Row],[County]]="South Yorkshire",Table1[[#This Row],[income]],0) -> 0 | BP53: =IF(Table1[[#This Row],[County]]="Greater London",Table1[[#This Row],[income]],0) -> 0 | BQ53: =IF(Table1[[#This Row],[County]]="Hampshire",Table1[[#This Row],[income]],0) -> 0 | BR53: =IF(Table1[[#This Row],[County]]="Gloucestershire",Table1[[#This Row],[income]],0) -> 0 | BS53: =IF(Table1[[#This Row],[County]]="West Sussex",Table1[[#This Row],[income]],0) -> 83966 | BT53: =IF(Table1[[#This Row],[County]]="Devon",Table1[[#This Row],[income]],0) -> 0 | BU53: =IF(Table1[[#This Row],[County]]="Berkshire",Table1[[#This Row],[income]],0) -> 0 | BV53: =IF(Table1[[#This Row],[County]]="Staffordshire",Table1[[#This Row],[income]],0) -> 0 | BW53: =IF(Table1[[#This Row],[County]]="Leicestershire",Table1[[#This Row],[income]],0) -> 0 | BX53: =IF(Table1[[#This Row],[County]]="Cornwall",Table1[[#This Row],[income]],0) -> 0 | BY53: =IF(Table1[[#This Row],[County]]="Isle of Wight",Table1[[#This Row],[income]],0) -> 0 | BZ53: =IF(Table1[[#This Row],[County]]="Surrey",Table1[[#This Row],[income]],0) -> 0 | CA53: =IF(Table1[[#This Row],[County]]="Derbyshire",Table1[[#This Row],[income]],0) -> 0 | CB53: =IF(Table1[[#This Row],[County]]="City of London",Table1[[#This Row],[income]],0) -> 0 | CC53: =IF(Table1[[#This Row],[County]]="Bedfordshire",Table1[[#This Row],[income]],0) -> 0 | CD53: =IF(Table1[[#This Row],[County]]="County Durham",Table1[[#This Row],[income]],0) -> 0 | CE53: =IF(Table1[[#This Row],[County]]="East Riding of Yorkshire",Table1[[#This Row],[income]],0) -> 0 | CF53: =IF(Table1[[#This Row],[County]]="West Yorkshire",Table1[[#This Row],[income]],0) -> 0 | CG53: =IF(Table1[[#This Row],[County]]="Essex",Table1[[#This Row],[income]],0) -> 0 | CH53: =IF(Table1[[#This Row],[County]]="East Sussex",Table1[[#This Row],[income]],0) -> 0 | CI53: =IF(Table1[[#This Row],[County]]="Greater Manchester",Table1[[#This Row],[income]],0) -> 0 | CJ53: =IF(Table1[[#This Row],[County]]="Hertfordshire",Table1[[#This Row],[income]],0) -> 0 | CK53: =IF(Table1[[#This Row],[County]]="Herefordshire",Table1[[#This Row],[income]],0) -> 0 | CL53: =IF(Table1[[#This Row],[County]]="Lancashire",Table1[[#This Row],[income]],0) -> 0 | CM53: =IF(Table1[[#This Row],[County]]="Merseyside",Table1[[#This Row],[income]],0) -> 0 | CN53: =IF(Table1[[#This Row],[County]]="Northamptonshire",Table1[[#This Row],[income]],0) -> 0 | CO53: =IF(Table1[[#This Row],[County]]="Northumberland",Table1[[#This Row],[income]],0) -> 0 | CP53: =IF(Table1[[#This Row],[County]]="Wiltshire",Table1[[#This Row],[income]],0) -> 0 | CQ53: =IF(Table1[[#This Row],[County]]="West Midlands",Table1[[#This Row],[income]],0) -> 0 | CR53: =IF(Table1[[#This Row],[County]]="Warwickshire",Table1[[#This Row],[income]],0) -> 0 | CS53: =IF(Table1[[#This Row],[County]]="Tyne and Wear",Table1[[#This Row],[income]],0) -> 0 | CT53: =IF(Table1[[#This Row],[County]]="Worcestershire",Table1[[#This Row],[income]],0) -> 0 | CU53: =IF(Table1[[#This Row],[County]]="Rutland",Table1[[#This Row],[income]],0) -> 0 | CV53: =IF(Table1[[#This Row],[County]]="Shropshire",Table1[[#This Row],[income]],0) -> 0 | CW53: =IF(Table1[[#This Row],[County]]="Dorset",Table1[[#This Row],[income]],0) -> 0 | CX53: =IF(Table1[[#This Row],[County]]="Buckinghamshire",Table1[[#This Row],[income]],0) -> 0 | CY53: =IF(Table1[[#This Row],[County]]="Suffolk",Table1[[#This Row],[income]],0) -> 0 | CZ53: =IF(Table1[[#This Row],[County]]="North Yorkshire",Table1[[#This Row],[income]],0) -> 0 | DA53: =IF(Table1[[#This Row],[County]]="Kent",Table1[[#This Row],[income]],0) -> 0 | DB53: =IF(Table1[[#This Row],[County]]="Derbyshire",Table1[[#This Row],[income]],0) -> 0 | DD53: =IF(Table1[[#This Row],[Column1]]="Health",Table1[[#This Row],[income]],0) -> 83966 | DE53: =IF(Table1[[#This Row],[Column1]]="Agriculture",Table1[[#This Row],[income]],0) -> 0 | DF53: =IF(Table1[[#This Row],[Column1]]="Technology",Table1[[#This Row],[income]],0) -> 0 | DG53: =IF(Table1[[#This Row],[Column1]]="Social Service",Table1[[#This Row],[income]],0) -> 0 | DH53: =IF(Table1[[#This Row],[Column1]]="Education",Table1[[#This Row],[income]],0) -> 0 | DI53: =IF(Table1[[#This Row],[Column1]]="Construction",Table1[[#This Row],[income]],0) -> 0 | DK53: =IF(Table1[[#This Row],[Value of Debts]]>Table1[[#This Row],[income]],1,0) -> 1 | DP53: =IF(Table1[[#This Row],[Net Worth (£)]]>$DS$5,C53,0) -> 0
A54: =RANDBETWEEN(1,2) -> 1 | B54: =IF(A54=1, "men", "women") -> men | C54: =RANDBETWEEN(25,50) -> 29 | D54: =RANDBETWEEN(1,6) -> 1 | E54: =VLOOKUP(D54,$W$5:$X$10,2) -> Health | F54: =RANDBETWEEN(1,5) -> 3 | G54: =VLOOKUP(F54,$Y$5:$Z$9,2) -> University | H54: =RANDBETWEEN(0,4) -> 2 | I54: =RANDBETWEEN(1,3) -> 1 | J54: =RANDBETWEEN(30000,100000) -> 31304 | K54: =RANDBETWEEN(1,48) -> 10 | L54: =VLOOKUP(K54,$AA$5:$AB$52,2) -> Derbyshire | M54: =J54*(RANDBETWEEN(2,5)) -> 93912 | N54: =RAND()*M54 -> 55453.842 | O54: =I54*RAND()*J54 -> 13744.467 | P54: =RANDBETWEEN(0,O54) -> 13318 | Q54: =RAND()*J54*2 -> 15976.959 | R54: =RAND()*J54*1.5 -> 19359.946 | S54: =J54+R54+O54 -> 64408.413 | T54: =N54+P54+Q54 -> 84748.801 | U54: =S54-T54 -> -20340.388 | AC54: =IF(Table1[[#This Row],[gender]]="men",1,0) -> 1 | AD54: =IF(Table1[[#This Row],[gender]]="women",1,0) -> 0 | AJ54: =IF(Table1[[#This Row],[Column1]]="Health",1,0) -> 1 | AK54: =IF(Table1[[#This Row],[Column1]]="Construction",1,0) -> 0 | AL54: =IF(Table1[[#This Row],[Column1]]="Technology",1,0) -> 0 | AM54: =IF(Table1[[#This Row],[Column1]]="Education",1,0) -> 0 | AN54: =IF(Table1[[#This Row],[Column1]]="Agriculture",1,0) -> 0 | AO54: =IF(Table1[[#This Row],[Column1]]="Social Service", 1, 0) -> 0 | AV54: =(O55/I55) -> 44981.07 | AX54: =IF(Table1[[#This Row],[Value of Debts]]>$AY$4,1,0) -> 0 | BB54: =Table1[[#This Row],[Mortage Left]]/Table1[[#This Row],[Value of House]] -> 0.59048729 | BC54: =IF(BB54<$BD$4,1,0) -> 0 | BG54: =IF(Table1[[#This Row],[County]]="Cumbria",Table1[[#This Row],[income]],0) -> 0 | BH54: =IF(Table1[[#This Row],[County]]="Cheshire",Table1[[#This Row],[income]],0) -> 0 | BI54: =IF(Table1[[#This Row],[County]]="Bristol",Table1[[#This Row],[income]],0) -> 0 | BJ54: =IF(Table1[[#This Row],[County]]="Surrey",Table1[[#This Row],[income]],0) -> 0 | BK54: =IF(Table1[[#This Row],[County]]="Norfolk",Table1[[#This Row],[income]],0) -> 0 | BL54: =IF(Table1[[#This Row],[County]]="Lincolnshire",Table1[[#This Row],[income]],0) -> 0 | BM54: =IF(Table1[[#This Row],[County]]="Somerset",Table1[[#This Row],[income]],0) -> 0 | BN54: =IF(Table1[[#This Row],[County]]="Cambridgeshire",Table1[[#This Row],[income]],0) -> 0 | BO54: =IF(Table1[[#This Row],[County]]="South Yorkshire",Table1[[#This Row],[income]],0) -> 0 | BP54: =IF(Table1[[#This Row],[County]]="Greater London",Table1[[#This Row],[income]],0) -> 0 | BQ54: =IF(Table1[[#This Row],[County]]="Hampshire",Table1[[#This Row],[income]],0) -> 0 | BR54: =IF(Table1[[#This Row],[County]]="Gloucestershire",Table1[[#This Row],[income]],0) -> 0 | BS54: =IF(Table1[[#This Row],[County]]="West Sussex",Table1[[#This Row],[income]],0) -> 0 | BT54: =IF(Table1[[#This Row],[County]]="Devon",Table1[[#This Row],[income]],0) -> 0 | BU54: =IF(Table1[[#This Row],[County]]="Berkshire",Table1[[#This Row],[income]],0) -> 0 | BV54: =IF(Table1[[#This Row],[County]]="Staffordshire",Table1[[#This Row],[income]],0) -> 0 | BW54: =IF(Table1[[#This Row],[County]]="Leicestershire",Table1[[#This Row],[income]],0) -> 0 | BX54: =IF(Table1[[#This Row],[County]]="Cornwall",Table1[[#This Row],[income]],0) -> 0 | BY54: =IF(Table1[[#This Row],[County]]="Isle of Wight",Table1[[#This Row],[income]],0) -> 0 | BZ54: =IF(Table1[[#This Row],[County]]="Surrey",Table1[[#This Row],[income]],0) -> 0 | CA54: =IF(Table1[[#This Row],[County]]="Derbyshire",Table1[[#This Row],[income]],0) -> 31304 | CB54: =IF(Table1[[#This Row],[County]]="City of London",Table1[[#This Row],[income]],0) -> 0 | CC54: =IF(Table1[[#This Row],[County]]="Bedfordshire",Table1[[#This Row],[income]],0) -> 0 | CD54: =IF(Table1[[#This Row],[County]]="County Durham",Table1[[#This Row],[income]],0) -> 0 | CE54: =IF(Table1[[#This Row],[County]]="East Riding of Yorkshire",Table1[[#This Row],[income]],0) -> 0 | CF54: =IF(Table1[[#This Row],[County]]="West Yorkshire",Table1[[#This Row],[income]],0) -> 0 | CG54: =IF(Table1[[#This Row],[County]]="Essex",Table1[[#This Row],[income]],0) -> 0 | CH54: =IF(Table1[[#This Row],[County]]="East Sussex",Table1[[#This Row],[income]],0) -> 0 | CI54: =IF(Table1[[#This Row],[County]]="Greater Manchester",Table1[[#This Row],[income]],0) -> 0 | CJ54: =IF(Table1[[#This Row],[County]]="Hertfordshire",Table1[[#This Row],[income]],0) -> 0 | CK54: =IF(Table1[[#This Row],[County]]="Herefordshire",Table1[[#This Row],[income]],0) -> 0 | CL54: =IF(Table1[[#This Row],[County]]="Lancashire",Table1[[#This Row],[income]],0) -> 0 | CM54: =IF(Table1[[#This Row],[County]]="Merseyside",Table1[[#This Row],[income]],0) -> 0 | CN54: =IF(Table1[[#This Row],[County]]="Northamptonshire",Table1[[#This Row],[income]],0) -> 0 | CO54: =IF(Table1[[#This Row],[County]]="Northumberland",Table1[[#This Row],[income]],0) -> 0 | CP54: =IF(Table1[[#This Row],[County]]="Wiltshire",Table1[[#This Row],[income]],0) -> 0 | CQ54: =IF(Table1[[#This Row],[County]]="West Midlands",Table1[[#This Row],[income]],0) -> 0 | CR54: =IF(Table1[[#This Row],[County]]="Warwickshire",Table1[[#This Row],[income]],0) -> 0 | CS54: =IF(Table1[[#This Row],[County]]="Tyne and Wear",Table1[[#This Row],[income]],0) -> 0 | CT54: =IF(Table1[[#This Row],[County]]="Worcestershire",Table1[[#This Row],[income]],0) -> 0 | CU54: =IF(Table1[[#This Row],[County]]="Rutland",Table1[[#This Row],[income]],0) -> 0 | CV54: =IF(Table1[[#This Row],[County]]="Shropshire",Table1[[#This Row],[income]],0) -> 0 | CW54: =IF(Table1[[#This Row],[County]]="Dorset",Table1[[#This Row],[income]],0) -> 0 | CX54: =IF(Table1[[#This Row],[County]]="Buckinghamshire",Table1[[#This Row],[income]],0) -> 0 | CY54: =IF(Table1[[#This Row],[County]]="Suffolk",Table1[[#This Row],[income]],0) -> 0 | CZ54: =IF(Table1[[#This Row],[County]]="North Yorkshire",Table1[[#This Row],[income]],0) -> 0 | DA54: =IF(Table1[[#This Row],[County]]="Kent",Table1[[#This Row],[income]],0) -> 0 | DB54: =IF(Table1[[#This Row],[County]]="Derbyshire",Table1[[#This Row],[income]],0) -> 31304 | DD54: =IF(Table1[[#This Row],[Column1]]="Health",Table1[[#This Row],[income]],0) -> 31304 | DE54: =IF(Table1[[#This Row],[Column1]]="Agriculture",Table1[[#This Row],[income]],0) -> 0 | DF54: =IF(Table1[[#This Row],[Column1]]="Technology",Table1[[#This Row],[income]],0) -> 0 | DG54: =IF(Table1[[#This Row],[Column1]]="Social Service",Table1[[#This Row],[income]],0) -> 0 | DH54: =IF(Table1[[#This Row],[Column1]]="Education",Table1[[#This Row],[income]],0) -> 0 | DI54: =IF(Table1[[#This Row],[Column1]]="Construction",Table1[[#This Row],[income]],0) -> 0 | DK54: =IF(Table1[[#This Row],[Value of Debts]]>Table1[[#This Row],[income]],1,0) -> 1 | DP54: =IF(Table1[[#This Row],[Net Worth (£)]]>$DS$5,C54,0) -> 0
A55: =RANDBETWEEN(1,2) -> 1 | B55: =IF(A55=1, "men", "women") -> men | C55: =RANDBETWEEN(25,50) -> 48 | D55: =RANDBETWEEN(1,6) -> 2 | E55: =VLOOKUP(D55,$W$5:$X$10,2) -> Construction | F55: =RANDBETWEEN(1,5) -> 5 | G55: =VLOOKUP(F55,$Y$5:$Z$9,2) -> Other | H55: =RANDBETWEEN(0,4) -> 2 | I55: =RANDBETWEEN(1,3) -> 1 | J55: =RANDBETWEEN(30000,100000) -> 64894 | K55: =RANDBETWEEN(1,48) -> 39 | L55: =VLOOKUP(K55,$AA$5:$AB$52,2) -> Staffordshire | M55: =J55*(RANDBETWEEN(2,5)) -> 194682 | N55: =RAND()*M55 -> 134396.48 | O55: =I55*RAND()*J55 -> 44981.07 | P55: =RANDBETWEEN(0,O55) -> 35849 | Q55: =RAND()*J55*2 -> 24821.166 | R55: =RAND()*J55*1.5 -> 44043.286 | S55: =J55+R55+O55 -> 153918.36 | T55: =N55+P55+Q55 -> 195066.64 | U55: =S55-T55 -> -41148.288 | AC55: =IF(Table1[[#This Row],[gender]]="men",1,0) -> 1 | AD55: =IF(Table1[[#This Row],[gender]]="women",1,0) -> 0 | AJ55: =IF(Table1[[#This Row],[Column1]]="Health",1,0) -> 0 | AK55: =IF(Table1[[#This Row],[Column1]]="Construction",1,0) -> 1 | AL55: =IF(Table1[[#This Row],[Column1]]="Technology",1,0) -> 0 | AM55: =IF(Table1[[#This Row],[Column1]]="Education",1,0) -> 0 | AN55: =IF(Table1[[#This Row],[Column1]]="Agriculture",1,0) -> 0 | AO55: =IF(Table1[[#This Row],[Column1]]="Social Service", 1, 0) -> 0 | AV55: =(O56/I56) -> 42836.714 | AX55: =IF(Table1[[#This Row],[Value of Debts]]>$AY$4,1,0) -> 1 | BB55: =Table1[[#This Row],[Mortage Left]]/Table1[[#This Row],[Value of House]] -> 0.69033849 | BC55: =IF(BB55<$BD$4,1,0) -> 0 | BG55: =IF(Table1[[#This Row],[County]]="Cumbria",Table1[[#This Row],[income]],0) -> 0 | BH55: =IF(Table1[[#This Row],[County]]="Cheshire",Table1[[#This Row],[income]],0) -> 0 | BI55: =IF(Table1[[#This Row],[County]]="Bristol",Table1[[#This Row],[income]],0) -> 0 | BJ55: =IF(Table1[[#This Row],[County]]="Surrey",Table1[[#This Row],[income]],0) -> 0 | BK55: =IF(Table1[[#This Row],[County]]="Norfolk",Table1[[#This Row],[income]],0) -> 0 | BL55: =IF(Table1[[#This Row],[County]]="Lincolnshire",Table1[[#This Row],[income]],0) -> 0 | BM55: =IF(Table1[[#This Row],[County]]="Somerset",Table1[[#This Row],[income]],0) -> 0 | BN55: =IF(Table1[[#This Row],[County]]="Cambridgeshire",Table1[[#This Row],[income]],0) -> 0 | BO55: =IF(Table1[[#This Row],[County]]="South Yorkshire",Table1[[#This Row],[income]],0) -> 0 | BP55: =IF(Table1[[#This Row],[County]]="Greater London",Table1[[#This Row],[income]],0) -> 0 | BQ55: =IF(Table1[[#This Row],[County]]="Hampshire",Table1[[#This Row],[income]],0) -> 0 | BR55: =IF(Table1[[#This Row],[County]]="Gloucestershire",Table1[[#This Row],[income]],0) -> 0 | BS55: =IF(Table1[[#This Row],[County]]="West Sussex",Table1[[#This Row],[income]],0) -> 0 | BT55: =IF(Table1[[#This Row],[County]]="Devon",Table1[[#This Row],[income]],0) -> 0 | BU55: =IF(Table1[[#This Row],[County]]="Berkshire",Table1[[#This Row],[income]],0) -> 0 | BV55: =IF(Table1[[#This Row],[County]]="Staffordshire",Table1[[#This Row],[income]],0) -> 64894 | BW55: =IF(Table1[[#This Row],[County]]="Leicestershire",Table1[[#This Row],[income]],0) -> 0 | BX55: =IF(Table1[[#This Row],[County]]="Cornwall",Table1[[#This Row],[income]],0) -> 0 | BY55: =IF(Table1[[#This Row],[County]]="Isle of Wight",Table1[[#This Row],[income]],0) -> 0 | BZ55: =IF(Table1[[#This Row],[County]]="Surrey",Table1[[#This Row],[income]],0) -> 0 | CA55: =IF(Table1[[#This Row],[County]]="Derbyshire",Table1[[#This Row],[income]],0) -> 0 | CB55: =IF(Table1[[#This Row],[County]]="City of London",Table1[[#This Row],[income]],0) -> 0 | CC55: =IF(Table1[[#This Row],[County]]="Bedfordshire",Table1[[#This Row],[income]],0) -> 0 | CD55: =IF(Table1[[#This Row],[County]]="County Durham",Table1[[#This Row],[income]],0) -> 0 | CE55: =IF(Table1[[#This Row],[County]]="East Riding of Yorkshire",Table1[[#This Row],[income]],0) -> 0 | CF55: =IF(Table1[[#This Row],[County]]="West Yorkshire",Table1[[#This Row],[income]],0) -> 0 | CG55: =IF(Table1[[#This Row],[County]]="Essex",Table1[[#This Row],[income]],0) -> 0 | CH55: =IF(Table1[[#This Row],[County]]="East Sussex",Table1[[#This Row],[income]],0) -> 0 | CI55: =IF(Table1[[#This Row],[County]]="Greater Manchester",Table1[[#This Row],[income]],0) -> 0 | CJ55: =IF(Table1[[#This Row],[County]]="Hertfordshire",Table1[[#This Row],[income]],0) -> 0 | CK55: =IF(Table1[[#This Row],[County]]="Herefordshire",Table1[[#This Row],[income]],0) -> 0 | CL55: =IF(Table1[[#This Row],[County]]="Lancashire",Table1[[#This Row],[income]],0) -> 0 | CM55: =IF(Table1[[#This Row],[County]]="Merseyside",Table1[[#This Row],[income]],0) -> 0 | CN55: =IF(Table1[[#This Row],[County]]="Northamptonshire",Table1[[#This Row],[income]],0) -> 0 | CO55: =IF(Table1[[#This Row],[County]]="Northumberland",Table1[[#This Row],[income]],0) -> 0 | CP55: =IF(Table1[[#This Row],[County]]="Wiltshire",Table1[[#This Row],[income]],0) -> 0 | CQ55: =IF(Table1[[#This Row],[County]]="West Midlands",Table1[[#This Row],[income]],0) -> 0 | CR55: =IF(Table1[[#This Row],[County]]="Warwickshire",Table1[[#This Row],[income]],0) -> 0 | CS55: =IF(Table1[[#This Row],[County]]="Tyne and Wear",Table1[[#This Row],[income]],0) -> 0 | CT55: =IF(Table1[[#This Row],[County]]="Worcestershire",Table1[[#This Row],[income]],0) -> 0 | CU55: =IF(Table1[[#This Row],[County]]="Rutland",Table1[[#This Row],[income]],0) -> 0 | CV55: =IF(Table1[[#This Row],[County]]="Shropshire",Table1[[#This Row],[income]],0) -> 0 | CW55: =IF(Table1[[#This Row],[County]]="Dorset",Table1[[#This Row],[income]],0) -> 0 | CX55: =IF(Table1[[#This Row],[County]]="Buckinghamshire",Table1[[#This Row],[income]],0) -> 0 | CY55: =IF(Table1[[#This Row],[County]]="Suffolk",Table1[[#This Row],[income]],0) -> 0 | CZ55: =IF(Table1[[#This Row],[County]]="North Yorkshire",Table1[[#This Row],[income]],0) -> 0 | DA55: =IF(Table1[[#This Row],[County]]="Kent",Table1[[#This Row],[income]],0) -> 0 | DB55: =IF(Table1[[#This Row],[County]]="Derbyshire",Table1[[#This Row],[income]],0) -> 0 | DD55: =IF(Table1[[#This Row],[Column1]]="Health",Table1[[#This Row],[income]],0) -> 0 | DE55: =IF(Table1[[#This Row],[Column1]]="Agriculture",Table1[[#This Row],[income]],0) -> 0 | DF55: =IF(Table1[[#This Row],[Column1]]="Technology",Table1[[#This Row],[income]],0) -> 0 | DG55: =IF(Table1[[#This Row],[Column1]]="Social Service",Table1[[#This Row],[income]],0) -> 0 | DH55: =IF(Table1[[#This Row],[Column1]]="Education",Table1[[#This Row],[income]],0) -> 0 | DI55: =IF(Table1[[#This Row],[Column1]]="Construction",Table1[[#This Row],[income]],0) -> 64894 | DK55: =IF(Table1[[#This Row],[Value of Debts]]>Table1[[#This Row],[income]],1,0) -> 1 | DP55: =IF(Table1[[#This Row],[Net Worth (£)]]>$DS$5,C55,0) -> 0
A56: =RANDBETWEEN(1,2) -> 1 | B56: =IF(A56=1, "men", "women") -> men | C56: =RANDBETWEEN(25,50) -> 39 | D56: =RANDBETWEEN(1,6) -> 3 | E56: =VLOOKUP(D56,$W$5:$X$10,2) -> Education | F56: =RANDBETWEEN(1,5) -> 5 | G56: =VLOOKUP(F56,$Y$5:$Z$9,2) -> Other | H56: =RANDBETWEEN(0,4) -> 2 | I56: =RANDBETWEEN(1,3) -> 1 | J56: =RANDBETWEEN(30000,100000) -> 84680 | K56: =RANDBETWEEN(1,48) -> 34 | L56: =VLOOKUP(K56,$AA$5:$AB$52,2) -> Oxfordshire | M56: =J56*(RANDBETWEEN(2,5)) -> 338720 | N56: =RAND()*M56 -> 38872.057 | O56: =I56*RAND()*J56 -> 42836.714 | P56: =RANDBETWEEN(0,O56) -> 36008 | Q56: =RAND()*J56*2 -> 415.66273 | R56: =RAND()*J56*1.5 -> 103834.18 | S56: =J56+R56+O56 -> 231350.89 | T56: =N56+P56+Q56 -> 75295.72 | U56: =S56-T56 -> 156055.17 | AC56: =IF(Table1[[#This Row],[gender]]="men",1,0) -> 1 | AD56: =IF(Table1[[#This Row],[gender]]="women",1,0) -> 0 | AJ56: =IF(Table1[[#This Row],[Column1]]="Health",1,0) -> 0 | AK56: =IF(Table1[[#This Row],[Column1]]="Construction",1,0) -> 0 | AL56: =IF(Table1[[#This Row],[Column1]]="Technology",1,0) -> 0 | AM56: =IF(Table1[[#This Row],[Column1]]="Education",1,0) -> 1 | AN56: =IF(Table1[[#This Row],[Column1]]="Agriculture",1,0) -> 0 | AO56: =IF(Table1[[#This Row],[Column1]]="Social Service", 1, 0) -> 0 | AV56: =(O57/I57) -> 8874.5247 | AX56: =IF(Table1[[#This Row],[Value of Debts]]>$AY$4,1,0) -> 0 | BB56: =Table1[[#This Row],[Mortage Left]]/Table1[[#This Row],[Value of House]] -> 0.11476162 | BC56: =IF(BB56<$BD$4,1,0) -> 1 | BG56: =IF(Table1[[#This Row],[County]]="Cumbria",Table1[[#This Row],[income]],0) -> 0 | BH56: =IF(Table1[[#This Row],[County]]="Cheshire",Table1[[#This Row],[income]],0) -> 0 | BI56: =IF(Table1[[#This Row],[County]]="Bristol",Table1[[#This Row],[income]],0) -> 0 | BJ56: =IF(Table1[[#This Row],[County]]="Surrey",Table1[[#This Row],[income]],0) -> 0 | BK56: =IF(Table1[[#This Row],[County]]="Norfolk",Table1[[#This Row],[income]],0) -> 0 | BL56: =IF(Table1[[#This Row],[County]]="Lincolnshire",Table1[[#This Row],[income]],0) -> 0 | BM56: =IF(Table1[[#This Row],[County]]="Somerset",Table1[[#This Row],[income]],0) -> 0 | BN56: =IF(Table1[[#This Row],[County]]="Cambridgeshire",Table1[[#This Row],[income]],0) -> 0 | BO56: =IF(Table1[[#This Row],[County]]="South Yorkshire",Table1[[#This Row],[income]],0) -> 0 | BP56: =IF(Table1[[#This Row],[County]]="Greater London",Table1[[#This Row],[income]],0) -> 0 | BQ56: =IF(Table1[[#This Row],[County]]="Hampshire",Table1[[#This Row],[income]],0) -> 0 | BR56: =IF(Table1[[#This Row],[County]]="Gloucestershire",Table1[[#This Row],[income]],0) -> 0 | BS56: =IF(Table1[[#This Row],[County]]="West Sussex",Table1[[#This Row],[income]],0) -> 0 | BT56: =IF(Table1[[#This Row],[County]]="Devon",Table1[[#This Row],[income]],0) -> 0 | BU56: =IF(Table1[[#This Row],[County]]="Berkshire",Table1[[#This Row],[income]],0) -> 0 | BV56: =IF(Table1[[#This Row],[County]]="Staffordshire",Table1[[#This Row],[income]],0) -> 0 | BW56: =IF(Table1[[#This Row],[County]]="Leicestershire",Table1[[#This Row],[income]],0) -> 0 | BX56: =IF(Table1[[#This Row],[County]]="Cornwall",Table1[[#This Row],[income]],0) -> 0 | BY56: =IF(Table1[[#This Row],[County]]="Isle of Wight",Table1[[#This Row],[income]],0) -> 0 | BZ56: =IF(Table1[[#This Row],[County]]="Surrey",Table1[[#This Row],[income]],0) -> 0 | CA56: =IF(Table1[[#This Row],[County]]="Derbyshire",Table1[[#This Row],[income]],0) -> 0 | CB56: =IF(Table1[[#This Row],[County]]="City of London",Table1[[#This Row],[income]],0) -> 0 | CC56: =IF(Table1[[#This Row],[County]]="Bedfordshire",Table1[[#This Row],[income]],0) -> 0 | CD56: =IF(Table1[[#This Row],[County]]="County Durham",Table1[[#This Row],[income]],0) -> 0 | CE56: =IF(Table1[[#This Row],[County]]="East Riding of Yorkshire",Table1[[#This Row],[income]],0) -> 0 | CF56: =IF(Table1[[#This Row],[County]]="West Yorkshire",Table1[[#This Row],[income]],0) -> 0 | CG56: =IF(Table1[[#This Row],[County]]="Essex",Table1[[#This Row],[income]],0) -> 0 | CH56: =IF(Table1[[#This Row],[County]]="East Sussex",Table1[[#This Row],[income]],0) -> 0 | CI56: =IF(Table1[[#This Row],[County]]="Greater Manchester",Table1[[#This Row],[income]],0) -> 0 | CJ56: =IF(Table1[[#This Row],[County]]="Hertfordshire",Table1[[#This Row],[income]],0) -> 0 | CK56: =IF(Table1[[#This Row],[County]]="Herefordshire",Table1[[#This Row],[income]],0) -> 0 | CL56: =IF(Table1[[#This Row],[County]]="Lancashire",Table1[[#This Row],[income]],0) -> 0 | CM56: =IF(Table1[[#This Row],[County]]="Merseyside",Table1[[#This Row],[income]],0) -> 0 | CN56: =IF(Table1[[#This Row],[County]]="Northamptonshire",Table1[[#This Row],[income]],0) -> 0 | CO56: =IF(Table1[[#This Row],[County]]="Northumberland",Table1[[#This Row],[income]],0) -> 0 | CP56: =IF(Table1[[#This Row],[County]]="Wiltshire",Table1[[#This Row],[income]],0) -> 0 | CQ56: =IF(Table1[[#This Row],[County]]="West Midlands",Table1[[#This Row],[income]],0) -> 0 | CR56: =IF(Table1[[#This Row],[County]]="Warwickshire",Table1[[#This Row],[income]],0) -> 0 | CS56: =IF(Table1[[#This Row],[County]]="Tyne and Wear",Table1[[#This Row],[income]],0) -> 0 | CT56: =IF(Table1[[#This Row],[County]]="Worcestershire",Table1[[#This Row],[income]],0) -> 0 | CU56: =IF(Table1[[#This Row],[County]]="Rutland",Table1[[#This Row],[income]],0) -> 0 | CV56: =IF(Table1[[#This Row],[County]]="Shropshire",Table1[[#This Row],[income]],0) -> 0 | CW56: =IF(Table1[[#This Row],[County]]="Dorset",Table1[[#This Row],[income]],0) -> 0 | CX56: =IF(Table1[[#This Row],[County]]="Buckinghamshire",Table1[[#This Row],[income]],0) -> 0 | CY56: =IF(Table1[[#This Row],[County]]="Suffolk",Table1[[#This Row],[income]],0) -> 0 | CZ56: =IF(Table1[[#This Row],[County]]="North Yorkshire",Table1[[#This Row],[income]],0) -> 0 | DA56: =IF(Table1[[#This Row],[County]]="Kent",Table1[[#This Row],[income]],0) -> 0 | DB56: =IF(Table1[[#This Row],[County]]="Derbyshire",Table1[[#This Row],[income]],0) -> 0 | DD56: =IF(Table1[[#This Row],[Column1]]="Health",Table1[[#This Row],[income]],0) -> 0 | DE56: =IF(Table1[[#This Row],[Column1]]="Agriculture",Table1[[#This Row],[income]],0) -> 0 | DF56: =IF(Table1[[#This Row],[Column1]]="Technology",Table1[[#This Row],[income]],0) -> 0 | DG56: =IF(Table1[[#This Row],[Column1]]="Social Service",Table1[[#This Row],[income]],0) -> 0 | DH56: =IF(Table1[[#This Row],[Column1]]="Education",Table1[[#This Row],[income]],0) -> 84680 | DI56: =IF(Table1[[#This Row],[Column1]]="Construction",Table1[[#This Row],[income]],0) -> 0 | DK56: =IF(Table1[[#This Row],[Value of Debts]]>Table1[[#This Row],[income]],1,0) -> 0 | DP56: =IF(Table1[[#This Row],[Net Worth (£)]]>$DS$5,C56,0) -> 39
A57: =RANDBETWEEN(1,2) -> 2 | B57: =IF(A57=1, "men", "women") -> women | C57: =RANDBETWEEN(25,50) -> 33 | D57: =RANDBETWEEN(1,6) -> 5 | E57: =VLOOKUP(D57,$W$5:$X$10,2) -> Social Service | F57: =RANDBETWEEN(1,5) -> 3 | G57: =VLOOKUP(F57,$Y$5:$Z$9,2) -> University | H57: =RANDBETWEEN(0,4) -> 3 | I57: =RANDBETWEEN(1,3) -> 3 | J57: =RANDBETWEEN(30000,100000) -> 50885 | K57: =RANDBETWEEN(1,48) -> 26 | L57: =VLOOKUP(K57,$AA$5:$AB$52,2) -> Leicestershire | M57: =J57*(RANDBETWEEN(2,5)) -> 254425 | N57: =RAND()*M57 -> 113414.66 | O57: =I57*RAND()*J57 -> 26623.574 | P57: =RANDBETWEEN(0,O57) -> 20170 | Q57: =RAND()*J57*2 -> 21803.778 | R57: =RAND()*J57*1.5 -> 16783.589 | S57: =J57+R57+O57 -> 94292.163 | T57: =N57+P57+Q57 -> 155388.44 | U57: =S57-T57 -> -61096.274 | AC57: =IF(Table1[[#This Row],[gender]]="men",1,0) -> 0 | AD57: =IF(Table1[[#This Row],[gender]]="women",1,0) -> 1 | AJ57: =IF(Table1[[#This Row],[Column1]]="Health",1,0) -> 0 | AK57: =IF(Table1[[#This Row],[Column1]]="Construction",1,0) -> 0 | AL57: =IF(Table1[[#This Row],[Column1]]="Technology",1,0) -> 0 | AM57: =IF(Table1[[#This Row],[Column1]]="Education",1,0) -> 0 | AN57: =IF(Table1[[#This Row],[Column1]]="Agriculture",1,0) -> 0 | AO57: =IF(Table1[[#This Row],[Column1]]="Social Service", 1, 0) -> 1 | AV57: =(O58/I58) -> 42971.384 | AX57: =IF(Table1[[#This Row],[Value of Debts]]>$AY$4,1,0) -> 1 | BB57: =Table1[[#This Row],[Mortage Left]]/Table1[[#This Row],[Value of House]] -> 0.44576853 | BC57: =IF(BB57<$BD$4,1,0) -> 0 | BG57: =IF(Table1[[#This Row],[County]]="Cumbria",Table1[[#This Row],[income]],0) -> 0 | BH57: =IF(Table1[[#This Row],[County]]="Cheshire",Table1[[#This Row],[income]],0) -> 0 | BI57: =IF(Table1[[#This Row],[County]]="Bristol",Table1[[#This Row],[income]],0) -> 0 | BJ57: =IF(Table1[[#This Row],[County]]="Surrey",Table1[[#This Row],[income]],0) -> 0 | BK57: =IF(Table1[[#This Row],[County]]="Norfolk",Table1[[#This Row],[income]],0) -> 0 | BL57: =IF(Table1[[#This Row],[County]]="Lincolnshire",Table1[[#This Row],[income]],0) -> 0 | BM57: =IF(Table1[[#This Row],[County]]="Somerset",Table1[[#This Row],[income]],0) -> 0 | BN57: =IF(Table1[[#This Row],[County]]="Cambridgeshire",Table1[[#This Row],[income]],0) -> 0 | BO57: =IF(Table1[[#This Row],[County]]="South Yorkshire",Table1[[#This Row],[income]],0) -> 0 | BP57: =IF(Table1[[#This Row],[County]]="Greater London",Table1[[#This Row],[income]],0) -> 0 | BQ57: =IF(Table1[[#This Row],[County]]="Hampshire",Table1[[#This Row],[income]],0) -> 0 | BR57: =IF(Table1[[#This Row],[County]]="Gloucestershire",Table1[[#This Row],[income]],0) -> 0 | BS57: =IF(Table1[[#This Row],[County]]="West Sussex",Table1[[#This Row],[income]],0) -> 0 | BT57: =IF(Table1[[#This Row],[County]]="Devon",Table1[[#This Row],[income]],0) -> 0 | BU57: =IF(Table1[[#This Row],[County]]="Berkshire",Table1[[#This Row],[income]],0) -> 0 | BV57: =IF(Table1[[#This Row],[County]]="Staffordshire",Table1[[#This Row],[income]],0) -> 0 | BW57: =IF(Table1[[#This Row],[County]]="Leicestershire",Table1[[#This Row],[income]],0) -> 50885 | BX57: =IF(Table1[[#This Row],[County]]="Cornwall",Table1[[#This Row],[income]],0) -> 0 | BY57: =IF(Table1[[#This Row],[County]]="Isle of Wight",Table1[[#This Row],[income]],0) -> 0 | BZ57: =IF(Table1[[#This Row],[County]]="Surrey",Table1[[#This Row],[income]],0) -> 0 | CA57: =IF(Table1[[#This Row],[County]]="Derbyshire",Table1[[#This Row],[income]],0) -> 0 | CB57: =IF(Table1[[#This Row],[County]]="City of London",Table1[[#This Row],[income]],0) -> 0 | CC57: =IF(Table1[[#This Row],[County]]="Bedfordshire",Table1[[#This Row],[income]],0) -> 0 | CD57: =IF(Table1[[#This Row],[County]]="County Durham",Table1[[#This Row],[income]],0) -> 0 | CE57: =IF(Table1[[#This Row],[County]]="East Riding of Yorkshire",Table1[[#This Row],[income]],0) -> 0 | CF57: =IF(Table1[[#This Row],[County]]="West Yorkshire",Table1[[#This Row],[income]],0) -> 0 | CG57: =IF(Table1[[#This Row],[County]]="Essex",Table1[[#This Row],[income]],0) -> 0 | CH57: =IF(Table1[[#This Row],[County]]="East Sussex",Table1[[#This Row],[income]],0) -> 0 | CI57: =IF(Table1[[#This Row],[County]]="Greater Manchester",Table1[[#This Row],[income]],0) -> 0 | CJ57: =IF(Table1[[#This Row],[County]]="Hertfordshire",Table1[[#This Row],[income]],0) -> 0 | CK57: =IF(Table1[[#This Row],[County]]="Herefordshire",Table1[[#This Row],[income]],0) -> 0 | CL57: =IF(Table1[[#This Row],[County]]="Lancashire",Table1[[#This Row],[income]],0) -> 0 | CM57: =IF(Table1[[#This Row],[County]]="Merseyside",Table1[[#This Row],[income]],0) -> 0 | CN57: =IF(Table1[[#This Row],[County]]="Northamptonshire",Table1[[#This Row],[income]],0) -> 0 | CO57: =IF(Table1[[#This Row],[County]]="Northumberland",Table1[[#This Row],[income]],0) -> 0 | CP57: =IF(Table1[[#This Row],[County]]="Wiltshire",Table1[[#This Row],[income]],0) -> 0 | CQ57: =IF(Table1[[#This Row],[County]]="West Midlands",Table1[[#This Row],[income]],0) -> 0 | CR57: =IF(Table1[[#This Row],[County]]="Warwickshire",Table1[[#This Row],[income]],0) -> 0 | CS57: =IF(Table1[[#This Row],[County]]="Tyne and Wear",Table1[[#This Row],[income]],0) -> 0 | CT57: =IF(Table1[[#This Row],[County]]="Worcestershire",Table1[[#This Row],[income]],0) -> 0 | CU57: =IF(Table1[[#This Row],[County]]="Rutland",Table1[[#This Row],[income]],0) -> 0 | CV57: =IF(Table1[[#This Row],[County]]="Shropshire",Table1[[#This Row],[income]],0) -> 0 | CW57: =IF(Table1[[#This Row],[County]]="Dorset",Table1[[#This Row],[income]],0) -> 0 | CX57: =IF(Table1[[#This Row],[County]]="Buckinghamshire",Table1[[#This Row],[income]],0) -> 0 | CY57: =IF(Table1[[#This Row],[County]]="Suffolk",Table1[[#This Row],[income]],0) -> 0 | CZ57: =IF(Table1[[#This Row],[County]]="North Yorkshire",Table1[[#This Row],[income]],0) -> 0 | DA57: =IF(Table1[[#This Row],[County]]="Kent",Table1[[#This Row],[income]],0) -> 0 | DB57: =IF(Table1[[#This Row],[County]]="Derbyshire",Table1[[#This Row],[income]],0) -> 0 | DD57: =IF(Table1[[#This Row],[Column1]]="Health",Table1[[#This Row],[income]],0) -> 0 | DE57: =IF(Table1[[#This Row],[Column1]]="Agriculture",Table1[[#This Row],[income]],0) -> 0 | DF57: =IF(Table1[[#This Row],[Column1]]="Technology",Table1[[#This Row],[income]],0) -> 0 | DG57: =IF(Table1[[#This Row],[Column1]]="Social Service",Table1[[#This Row],[income]],0) -> 50885 | DH57: =IF(Table1[[#This Row],[Column1]]="Education",Table1[[#This Row],[income]],0) -> 0 | DI57: =IF(Table1[[#This Row],[Column1]]="Construction",Table1[[#This Row],[income]],0) -> 0 | DK57: =IF(Table1[[#This Row],[Value of Debts]]>Table1[[#This Row],[income]],1,0) -> 1 | DP57: =IF(Table1[[#This Row],[Net Worth (£)]]>$DS$5,C57,0) -> 0
A58: =RANDBETWEEN(1,2) -> 1 | B58: =IF(A58=1, "men", "women") -> men | C58: =RANDBETWEEN(25,50) -> 30 | D58: =RANDBETWEEN(1,6) -> 3 | E58: =VLOOKUP(D58,$W$5:$X$10,2) -> Education | F58: =RANDBETWEEN(1,5) -> 4 | G58: =VLOOKUP(F58,$Y$5:$Z$9,2) -> Technical | H58: =RANDBETWEEN(0,4) -> 4 | I58: =RANDBETWEEN(1,3) -> 3 | J58: =RANDBETWEEN(30000,100000) -> 44069 | K58: =RANDBETWEEN(1,48) -> 42 | L58: =VLOOKUP(K58,$AA$5:$AB$52,2) -> Tyne and Wear | M58: =J58*(RANDBETWEEN(2,5)) -> 176276 | N58: =RAND()*M58 -> 94533.596 | O58: =I58*RAND()*J58 -> 128914.15 | P58: =RANDBETWEEN(0,O58) -> 76103 | Q58: =RAND()*J58*2 -> 65795.05 | R58: =RAND()*J58*1.5 -> 1608.6055 | S58: =J58+R58+O58 -> 174591.76 | T58: =N58+P58+Q58 -> 236431.65 | U58: =S58-T58 -> -61839.888 | AC58: =IF(Table1[[#This Row],[gender]]="men",1,0) -> 1 | AD58: =IF(Table1[[#This Row],[gender]]="women",1,0) -> 0 | AJ58: =IF(Table1[[#This Row],[Column1]]="Health",1,0) -> 0 | AK58: =IF(Table1[[#This Row],[Column1]]="Construction",1,0) -> 0 | AL58: =IF(Table1[[#This Row],[Column1]]="Technology",1,0) -> 0 | AM58: =IF(Table1[[#This Row],[Column1]]="Education",1,0) -> 1 | AN58: =IF(Table1[[#This Row],[Column1]]="Agriculture",1,0) -> 0 | AO58: =IF(Table1[[#This Row],[Column1]]="Social Service", 1, 0) -> 0 | AV58: =(O59/I59) -> 14821.826 | AX58: =IF(Table1[[#This Row],[Value of Debts]]>$AY$4,1,0) -> 1 | BB58: =Table1[[#This Row],[Mortage Left]]/Table1[[#This Row],[Value of House]] -> 0.53628172 | BC58: =IF(BB58<$BD$4,1,0) -> 0 | BG58: =IF(Table1[[#This Row],[County]]="Cumbria",Table1[[#This Row],[income]],0) -> 0 | BH58: =IF(Table1[[#This Row],[County]]="Cheshire",Table1[[#This Row],[income]],0) -> 0 | BI58: =IF(Table1[[#This Row],[County]]="Bristol",Table1[[#This Row],[income]],0) -> 0 | BJ58: =IF(Table1[[#This Row],[County]]="Surrey",Table1[[#This Row],[income]],0) -> 0 | BK58: =IF(Table1[[#This Row],[County]]="Norfolk",Table1[[#This Row],[income]],0) -> 0 | BL58: =IF(Table1[[#This Row],[County]]="Lincolnshire",Table1[[#This Row],[income]],0) -> 0 | BM58: =IF(Table1[[#This Row],[County]]="Somerset",Table1[[#This Row],[income]],0) -> 0 | BN58: =IF(Table1[[#This Row],[County]]="Cambridgeshire",Table1[[#This Row],[income]],0) -> 0 | BO58: =IF(Table1[[#This Row],[County]]="South Yorkshire",Table1[[#This Row],[income]],0) -> 0 | BP58: =IF(Table1[[#This Row],[County]]="Greater London",Table1[[#This Row],[income]],0) -> 0 | BQ58: =IF(Table1[[#This Row],[County]]="Hampshire",Table1[[#This Row],[income]],0) -> 0 | BR58: =IF(Table1[[#This Row],[County]]="Gloucestershire",Table1[[#This Row],[income]],0) -> 0 | BS58: =IF(Table1[[#This Row],[County]]="West Sussex",Table1[[#This Row],[income]],0) -> 0 | BT58: =IF(Table1[[#This Row],[County]]="Devon",Table1[[#This Row],[income]],0) -> 0 | BU58: =IF(Table1[[#This Row],[County]]="Berkshire",Table1[[#This Row],[income]],0) -> 0 | BV58: =IF(Table1[[#This Row],[County]]="Staffordshire",Table1[[#This Row],[income]],0) -> 0 | BW58: =IF(Table1[[#This Row],[County]]="Leicestershire",Table1[[#This Row],[income]],0) -> 0 | BX58: =IF(Table1[[#This Row],[County]]="Cornwall",Table1[[#This Row],[income]],0) -> 0 | BY58: =IF(Table1[[#This Row],[County]]="Isle of Wight",Table1[[#This Row],[income]],0) -> 0 | BZ58: =IF(Table1[[#This Row],[County]]="Surrey",Table1[[#This Row],[income]],0) -> 0 | CA58: =IF(Table1[[#This Row],[County]]="Derbyshire",Table1[[#This Row],[income]],0) -> 0 | CB58: =IF(Table1[[#This Row],[County]]="City of London",Table1[[#This Row],[income]],0) -> 0 | CC58: =IF(Table1[[#This Row],[County]]="Bedfordshire",Table1[[#This Row],[income]],0) -> 0 | CD58: =IF(Table1[[#This Row],[County]]="County Durham",Table1[[#This Row],[income]],0) -> 0 | CE58: =IF(Table1[[#This Row],[County]]="East Riding of Yorkshire",Table1[[#This Row],[income]],0) -> 0 | CF58: =IF(Table1[[#This Row],[County]]="West Yorkshire",Table1[[#This Row],[income]],0) -> 0 | CG58: =IF(Table1[[#This Row],[County]]="Essex",Table1[[#This Row],[income]],0) -> 0 | CH58: =IF(Table1[[#This Row],[County]]="East Sussex",Table1[[#This Row],[income]],0) -> 0 | CI58: =IF(Table1[[#This Row],[County]]="Greater Manchester",Table1[[#This Row],[income]],0) -> 0 | CJ58: =IF(Table1[[#This Row],[County]]="Hertfordshire",Table1[[#This Row],[income]],0) -> 0 | CK58: =IF(Table1[[#This Row],[County]]="Herefordshire",Table1[[#This Row],[income]],0) -> 0 | CL58: =IF(Table1[[#This Row],[County]]="Lancashire",Table1[[#This Row],[income]],0) -> 0 | CM58: =IF(Table1[[#This Row],[County]]="Merseyside",Table1[[#This Row],[income]],0) -> 0 | CN58: =IF(Table1[[#This Row],[County]]="Northamptonshire",Table1[[#This Row],[income]],0) -> 0 | CO58: =IF(Table1[[#This Row],[County]]="Northumberland",Table1[[#This Row],[income]],0) -> 0 | CP58: =IF(Table1[[#This Row],[County]]="Wiltshire",Table1[[#This Row],[income]],0) -> 0 | CQ58: =IF(Table1[[#This Row],[County]]="West Midlands",Table1[[#This Row],[income]],0) -> 0 | CR58: =IF(Table1[[#This Row],[County]]="Warwickshire",Table1[[#This Row],[income]],0) -> 0 | CS58: =IF(Table1[[#This Row],[County]]="Tyne and Wear",Table1[[#This Row],[income]],0) -> 44069 | CT58: =IF(Table1[[#This Row],[County]]="Worcestershire",Table1[[#This Row],[income]],0) -> 0 | CU58: =IF(Table1[[#This Row],[County]]="Rutland",Table1[[#This Row],[income]],0) -> 0 | CV58: =IF(Table1[[#This Row],[County]]="Shropshire",Table1[[#This Row],[income]],0) -> 0 | CW58: =IF(Table1[[#This Row],[County]]="Dorset",Table1[[#This Row],[income]],0) -> 0 | CX58: =IF(Table1[[#This Row],[County]]="Buckinghamshire",Table1[[#This Row],[income]],0) -> 0 | CY58: =IF(Table1[[#This Row],[County]]="Suffolk",Table1[[#This Row],[income]],0) -> 0 | CZ58: =IF(Table1[[#This Row],[County]]="North Yorkshire",Table1[[#This Row],[income]],0) -> 0 | DA58: =IF(Table1[[#This Row],[County]]="Kent",Table1[[#This Row],[income]],0) -> 0 | DB58: =IF(Table1[[#This Row],[County]]="Derbyshire",Table1[[#This Row],[income]],0) -> 0 | DD58: =IF(Table1[[#This Row],[Column1]]="Health",Table1[[#This Row],[income]],0) -> 0 | DE58: =IF(Table1[[#This Row],[Column1]]="Agriculture",Table1[[#This Row],[income]],0) -> 0 | DF58: =IF(Table1[[#This Row],[Column1]]="Technology",Table1[[#This Row],[income]],0) -> 0 | DG58: =IF(Table1[[#This Row],[Column1]]="Social Service",Table1[[#This Row],[income]],0) -> 0 | DH58: =IF(Table1[[#This Row],[Column1]]="Education",Table1[[#This Row],[income]],0) -> 44069 | DI58: =IF(Table1[[#This Row],[Column1]]="Construction",Table1[[#This Row],[income]],0) -> 0 | DK58: =IF(Table1[[#This Row],[Value of Debts]]>Table1[[#This Row],[income]],1,0) -> 1 | DP58: =IF(Table1[[#This Row],[Net Worth (£)]]>$DS$5,C58,0) -> 0
A59: =RANDBETWEEN(1,2) -> 2 | B59: =IF(A59=1, "men", "women") -> women | C59: =RANDBETWEEN(25,50) -> 26 | D59: =RANDBETWEEN(1,6) -> 4 | E59: =VLOOKUP(D59,$W$5:$X$10,2) -> Technology | F59: =RANDBETWEEN(1,5) -> 2 | G59: =VLOOKUP(F59,$Y$5:$Z$9,2) -> College | H59: =RANDBETWEEN(0,4) -> 2 | I59: =RANDBETWEEN(1,3) -> 2 | J59: =RANDBETWEEN(30000,100000) -> 57589 | K59: =RANDBETWEEN(1,48) -> 10 | L59: =VLOOKUP(K59,$AA$5:$AB$52,2) -> Derbyshire | M59: =J59*(RANDBETWEEN(2,5)) -> 172767 | N59: =RAND()*M59 -> 52279.924 | O59: =I59*RAND()*J59 -> 29643.651 | P59: =RANDBETWEEN(0,O59) -> 15857 | Q59: =RAND()*J59*2 -> 85165.769 | R59: =RAND()*J59*1.5 -> 25597.171 | S59: =J59+R59+O59 -> 112829.82 | T59: =N59+P59+Q59 -> 153302.69 | U59: =S59-T59 -> -40472.871 | AC59: =IF(Table1[[#This Row],[gender]]="men",1,0) -> 0 | AD59: =IF(Table1[[#This Row],[gender]]="women",1,0) -> 1 | AJ59: =IF(Table1[[#This Row],[Column1]]="Health",1,0) -> 0 | AK59: =IF(Table1[[#This Row],[Column1]]="Construction",1,0) -> 0 | AL59: =IF(Table1[[#This Row],[Column1]]="Technology",1,0) -> 1 | AM59: =IF(Table1[[#This Row],[Column1]]="Education",1,0) -> 0 | AN59: =IF(Table1[[#This Row],[Column1]]="Agriculture",1,0) -> 0 | AO59: =IF(Table1[[#This Row],[Column1]]="Social Service", 1, 0) -> 0 | AV59: =(O60/I60) -> 5160.2058 | AX59: =IF(Table1[[#This Row],[Value of Debts]]>$AY$4,1,0) -> 1 | BB59: =Table1[[#This Row],[Mortage Left]]/Table1[[#This Row],[Value of House]] -> 0.30260365 | BC59: =IF(BB59<$BD$4,1,0) -> 0 | BG59: =IF(Table1[[#This Row],[County]]="Cumbria",Table1[[#This Row],[income]],0) -> 0 | BH59: =IF(Table1[[#This Row],[County]]="Cheshire",Table1[[#This Row],[income]],0) -> 0 | BI59: =IF(Table1[[#This Row],[County]]="Bristol",Table1[[#This Row],[income]],0) -> 0 | BJ59: =IF(Table1[[#This Row],[County]]="Surrey",Table1[[#This Row],[income]],0) -> 0 | BK59: =IF(Table1[[#This Row],[County]]="Norfolk",Table1[[#This Row],[income]],0) -> 0 | BL59: =IF(Table1[[#This Row],[County]]="Lincolnshire",Table1[[#This Row],[income]],0) -> 0 | BM59: =IF(Table1[[#This Row],[County]]="Somerset",Table1[[#This Row],[income]],0) -> 0 | BN59: =IF(Table1[[#This Row],[County]]="Cambridgeshire",Table1[[#This Row],[income]],0) -> 0 | BO59: =IF(Table1[[#This Row],[County]]="South Yorkshire",Table1[[#This Row],[income]],0) -> 0 | BP59: =IF(Table1[[#This Row],[County]]="Greater London",Table1[[#This Row],[income]],0) -> 0 | BQ59: =IF(Table1[[#This Row],[County]]="Hampshire",Table1[[#This Row],[income]],0) -> 0 | BR59: =IF(Table1[[#This Row],[County]]="Gloucestershire",Table1[[#This Row],[income]],0) -> 0 | BS59: =IF(Table1[[#This Row],[County]]="West Sussex",Table1[[#This Row],[income]],0) -> 0 | BT59: =IF(Table1[[#This Row],[County]]="Devon",Table1[[#This Row],[income]],0) -> 0 | BU59: =IF(Table1[[#This Row],[County]]="Berkshire",Table1[[#This Row],[income]],0) -> 0 | BV59: =IF(Table1[[#This Row],[County]]="Staffordshire",Table1[[#This Row],[income]],0) -> 0 | BW59: =IF(Table1[[#This Row],[County]]="Leicestershire",Table1[[#This Row],[income]],0) -> 0 | BX59: =IF(Table1[[#This Row],[County]]="Cornwall",Table1[[#This Row],[income]],0) -> 0 | BY59: =IF(Table1[[#This Row],[County]]="Isle of Wight",Table1[[#This Row],[income]],0) -> 0 | BZ59: =IF(Table1[[#This Row],[County]]="Surrey",Table1[[#This Row],[income]],0) -> 0 | CA59: =IF(Table1[[#This Row],[County]]="Derbyshire",Table1[[#This Row],[income]],0) -> 57589 | CB59: =IF(Table1[[#This Row],[County]]="City of London",Table1[[#This Row],[income]],0) -> 0 | CC59: =IF(Table1[[#This Row],[County]]="Bedfordshire",Table1[[#This Row],[income]],0) -> 0 | CD59: =IF(Table1[[#This Row],[County]]="County Durham",Table1[[#This Row],[income]],0) -> 0 | CE59: =IF(Table1[[#This Row],[County]]="East Riding of Yorkshire",Table1[[#This Row],[income]],0) -> 0 | CF59: =IF(Table1[[#This Row],[County]]="West Yorkshire",Table1[[#This Row],[income]],0) -> 0 | CG59: =IF(Table1[[#This Row],[County]]="Essex",Table1[[#This Row],[income]],0) -> 0 | CH59: =IF(Table1[[#This Row],[County]]="East Sussex",Table1[[#This Row],[income]],0) -> 0 | CI59: =IF(Table1[[#This Row],[County]]="Greater Manchester",Table1[[#This Row],[income]],0) -> 0 | CJ59: =IF(Table1[[#This Row],[County]]="Hertfordshire",Table1[[#This Row],[income]],0) -> 0 | CK59: =IF(Table1[[#This Row],[County]]="Herefordshire",Table1[[#This Row],[income]],0) -> 0 | CL59: =IF(Table1[[#This Row],[County]]="Lancashire",Table1[[#This Row],[income]],0) -> 0 | CM59: =IF(Table1[[#This Row],[County]]="Merseyside",Table1[[#This Row],[income]],0) -> 0 | CN59: =IF(Table1[[#This Row],[County]]="Northamptonshire",Table1[[#This Row],[income]],0) -> 0 | CO59: =IF(Table1[[#This Row],[County]]="Northumberland",Table1[[#This Row],[income]],0) -> 0 | CP59: =IF(Table1[[#This Row],[County]]="Wiltshire",Table1[[#This Row],[income]],0) -> 0 | CQ59: =IF(Table1[[#This Row],[County]]="West Midlands",Table1[[#This Row],[income]],0) -> 0 | CR59: =IF(Table1[[#This Row],[County]]="Warwickshire",Table1[[#This Row],[income]],0) -> 0 | CS59: =IF(Table1[[#This Row],[County]]="Tyne and Wear",Table1[[#This Row],[income]],0) -> 0 | CT59: =IF(Table1[[#This Row],[County]]="Worcestershire",Table1[[#This Row],[income]],0) -> 0 | CU59: =IF(Table1[[#This Row],[County]]="Rutland",Table1[[#This Row],[income]],0) -> 0 | CV59: =IF(Table1[[#This Row],[County]]="Shropshire",Table1[[#This Row],[income]],0) -> 0 | CW59: =IF(Table1[[#This Row],[County]]="Dorset",Table1[[#This Row],[income]],0) -> 0 | CX59: =IF(Table1[[#This Row],[County]]="Buckinghamshire",Table1[[#This Row],[income]],0) -> 0 | CY59: =IF(Table1[[#This Row],[County]]="Suffolk",Table1[[#This Row],[income]],0) -> 0 | CZ59: =IF(Table1[[#This Row],[County]]="North Yorkshire",Table1[[#This Row],[income]],0) -> 0 | DA59: =IF(Table1[[#This Row],[County]]="Kent",Table1[[#This Row],[income]],0) -> 0 | DB59: =IF(Table1[[#This Row],[County]]="Derbyshire",Table1[[#This Row],[income]],0) -> 57589 | DD59: =IF(Table1[[#This Row],[Column1]]="Health",Table1[[#This Row],[income]],0) -> 0 | DE59: =IF(Table1[[#This Row],[Column1]]="Agriculture",Table1[[#This Row],[income]],0) -> 0 | DF59: =IF(Table1[[#This Row],[Column1]]="Technology",Table1[[#This Row],[income]],0) -> 57589 | DG59: =IF(Table1[[#This Row],[Column1]]="Social Service",Table1[[#This Row],[income]],0) -> 0 | DH59: =IF(Table1[[#This Row],[Column1]]="Education",Table1[[#This Row],[income]],0) -> 0 | DI59: =IF(Table1[[#This Row],[Column1]]="Construction",Table1[[#This Row],[income]],0) -> 0 | DK59: =IF(Table1[[#This Row],[Value of Debts]]>Table1[[#This Row],[income]],1,0) -> 1 | DP59: =IF(Table1[[#This Row],[Net Worth (£)]]>$DS$5,C59,0) -> 0
A60: =RANDBETWEEN(1,2) -> 1 | B60: =IF(A60=1, "men", "women") -> men | C60: =RANDBETWEEN(25,50) -> 43 | D60: =RANDBETWEEN(1,6) -> 4 | E60: =VLOOKUP(D60,$W$5:$X$10,2) -> Technology | F60: =RANDBETWEEN(1,5) -> 2 | G60: =VLOOKUP(F60,$Y$5:$Z$9,2) -> College | H60: =RANDBETWEEN(0,4) -> 4 | I60: =RANDBETWEEN(1,3) -> 3 | J60: =RANDBETWEEN(30000,100000) -> 72340 | K60: =RANDBETWEEN(1,48) -> 23 | L60: =VLOOKUP(K60,$AA$5:$AB$52,2) -> Isle of Wight | M60: =J60*(RANDBETWEEN(2,5)) -> 217020 | N60: =RAND()*M60 -> 45212.555 | O60: =I60*RAND()*J60 -> 15480.617 | P60: =RANDBETWEEN(0,O60) -> 4610 | Q60: =RAND()*J60*2 -> 103882.58 | R60: =RAND()*J60*1.5 -> 76682.214 | S60: =J60+R60+O60 -> 164502.83 | T60: =N60+P60+Q60 -> 153705.13 | U60: =S60-T60 -> 10797.702 | AC60: =IF(Table1[[#This Row],[gender]]="men",1,0) -> 1 | AD60: =IF(Table1[[#This Row],[gender]]="women",1,0) -> 0 | AJ60: =IF(Table1[[#This Row],[Column1]]="Health",1,0) -> 0 | AK60: =IF(Table1[[#This Row],[Column1]]="Construction",1,0) -> 0 | AL60: =IF(Table1[[#This Row],[Column1]]="Technology",1,0) -> 1 | AM60: =IF(Table1[[#This Row],[Column1]]="Education",1,0) -> 0 | AN60: =IF(Table1[[#This Row],[Column1]]="Agriculture",1,0) -> 0 | AO60: =IF(Table1[[#This Row],[Column1]]="Social Service", 1, 0) -> 0 | AV60: =(O61/I61) -> 13524.874 | AX60: =IF(Table1[[#This Row],[Value of Debts]]>$AY$4,1,0) -> 1 | BB60: =Table1[[#This Row],[Mortage Left]]/Table1[[#This Row],[Value of House]] -> 0.20833358 | BC60: =IF(BB60<$BD$4,1,0) -> 1 | BG60: =IF(Table1[[#This Row],[County]]="Cumbria",Table1[[#This Row],[income]],0) -> 0 | BH60: =IF(Table1[[#This Row],[County]]="Cheshire",Table1[[#This Row],[income]],0) -> 0 | BI60: =IF(Table1[[#This Row],[County]]="Bristol",Table1[[#This Row],[income]],0) -> 0 | BJ60: =IF(Table1[[#This Row],[County]]="Surrey",Table1[[#This Row],[income]],0) -> 0 | BK60: =IF(Table1[[#This Row],[County]]="Norfolk",Table1[[#This Row],[income]],0) -> 0 | BL60: =IF(Table1[[#This Row],[County]]="Lincolnshire",Table1[[#This Row],[income]],0) -> 0 | BM60: =IF(Table1[[#This Row],[County]]="Somerset",Table1[[#This Row],[income]],0) -> 0 | BN60: =IF(Table1[[#This Row],[County]]="Cambridgeshire",Table1[[#This Row],[income]],0) -> 0 | BO60: =IF(Table1[[#This Row],[County]]="South Yorkshire",Table1[[#This Row],[income]],0) -> 0 | BP60: =IF(Table1[[#This Row],[County]]="Greater London",Table1[[#This Row],[income]],0) -> 0 | BQ60: =IF(Table1[[#This Row],[County]]="Hampshire",Table1[[#This Row],[income]],0) -> 0 | BR60: =IF(Table1[[#This Row],[County]]="Gloucestershire",Table1[[#This Row],[income]],0) -> 0 | BS60: =IF(Table1[[#This Row],[County]]="West Sussex",Table1[[#This Row],[income]],0) -> 0 | BT60: =IF(Table1[[#This Row],[County]]="Devon",Table1[[#This Row],[income]],0) -> 0 | BU60: =IF(Table1[[#This Row],[County]]="Berkshire",Table1[[#This Row],[income]],0) -> 0 | BV60: =IF(Table1[[#This Row],[County]]="Staffordshire",Table1[[#This Row],[income]],0) -> 0 | BW60: =IF(Table1[[#This Row],[County]]="Leicestershire",Table1[[#This Row],[income]],0) -> 0 | BX60: =IF(Table1[[#This Row],[County]]="Cornwall",Table1[[#This Row],[income]],0) -> 0 | BY60: =IF(Table1[[#This Row],[County]]="Isle of Wight",Table1[[#This Row],[income]],0) -> 72340 | BZ60: =IF(Table1[[#This Row],[County]]="Surrey",Table1[[#This Row],[income]],0) -> 0 | CA60: =IF(Table1[[#This Row],[County]]="Derbyshire",Table1[[#This Row],[income]],0) -> 0 | CB60: =IF(Table1[[#This Row],[County]]="City of London",Table1[[#This Row],[income]],0) -> 0 | CC60: =IF(Table1[[#This Row],[County]]="Bedfordshire",Table1[[#This Row],[income]],0) -> 0 | CD60: =IF(Table1[[#This Row],[County]]="County Durham",Table1[[#This Row],[income]],0) -> 0 | CE60: =IF(Table1[[#This Row],[County]]="East Riding of Yorkshire",Table1[[#This Row],[income]],0) -> 0 | CF60: =IF(Table1[[#This Row],[County]]="West Yorkshire",Table1[[#This Row],[income]],0) -> 0 | CG60: =IF(Table1[[#This Row],[County]]="Essex",Table1[[#This Row],[income]],0) -> 0 | CH60: =IF(Table1[[#This Row],[County]]="East Sussex",Table1[[#This Row],[income]],0) -> 0 | CI60: =IF(Table1[[#This Row],[County]]="Greater Manchester",Table1[[#This Row],[income]],0) -> 0 | CJ60: =IF(Table1[[#This Row],[County]]="Hertfordshire",Table1[[#This Row],[income]],0) -> 0 | CK60: =IF(Table1[[#This Row],[County]]="Herefordshire",Table1[[#This Row],[income]],0) -> 0 | CL60: =IF(Table1[[#This Row],[County]]="Lancashire",Table1[[#This Row],[income]],0) -> 0 | CM60: =IF(Table1[[#This Row],[County]]="Merseyside",Table1[[#This Row],[income]],0) -> 0 | CN60: =IF(Table1[[#This Row],[County]]="Northamptonshire",Table1[[#This Row],[income]],0) -> 0 | CO60: =IF(Table1[[#This Row],[County]]="Northumberland",Table1[[#This Row],[income]],0) -> 0 | CP60: =IF(Table1[[#This Row],[County]]="Wiltshire",Table1[[#This Row],[income]],0) -> 0 | CQ60: =IF(Table1[[#This Row],[County]]="West Midlands",Table1[[#This Row],[income]],0) -> 0 | CR60: =IF(Table1[[#This Row],[County]]="Warwickshire",Table1[[#This Row],[income]],0) -> 0 | CS60: =IF(Table1[[#This Row],[County]]="Tyne and Wear",Table1[[#This Row],[income]],0) -> 0 | CT60: =IF(Table1[[#This Row],[County]]="Worcestershire",Table1[[#This Row],[income]],0) -> 0 | CU60: =IF(Table1[[#This Row],[County]]="Rutland",Table1[[#This Row],[income]],0) -> 0 | CV60: =IF(Table1[[#This Row],[County]]="Shropshire",Table1[[#This Row],[income]],0) -> 0 | CW60: =IF(Table1[[#This Row],[County]]="Dorset",Table1[[#This Row],[income]],0) -> 0 | CX60: =IF(Table1[[#This Row],[County]]="Buckinghamshire",Table1[[#This Row],[income]],0) -> 0 | CY60: =IF(Table1[[#This Row],[County]]="Suffolk",Table1[[#This Row],[income]],0) -> 0 | CZ60: =IF(Table1[[#This Row],[County]]="North Yorkshire",Table1[[#This Row],[income]],0) -> 0 | DA60: =IF(Table1[[#This Row],[County]]="Kent",Table1[[#This Row],[income]],0) -> 0 | DB60: =IF(Table1[[#This Row],[County]]="Derbyshire",Table1[[#This Row],[income]],0) -> 0 | DD60: =IF(Table1[[#This Row],[Column1]]="Health",Table1[[#This Row],[income]],0) -> 0 | DE60: =IF(Table1[[#This Row],[Column1]]="Agriculture",Table1[[#This Row],[income]],0) -> 0 | DF60: =IF(Table1[[#This Row],[Column1]]="Technology",Table1[[#This Row],[income]],0) -> 72340 | DG60: =IF(Table1[[#This Row],[Column1]]="Social Service",Table1[[#This Row],[income]],0) -> 0 | DH60: =IF(Table1[[#This Row],[Column1]]="Education",Table1[[#This Row],[income]],0) -> 0 | DI60: =IF(Table1[[#This Row],[Column1]]="Construction",Table1[[#This Row],[income]],0) -> 0 | DK60: =IF(Table1[[#This Row],[Value of Debts]]>Table1[[#This Row],[income]],1,0) -> 1 | DP60: =IF(Table1[[#This Row],[Net Worth (£)]]>$DS$5,C60,0) -> 0
A61: =RANDBETWEEN(1,2) -> 1 | B61: =IF(A61=1, "men", "women") -> men | C61: =RANDBETWEEN(25,50) -> 42 | D61: =RANDBETWEEN(1,6) -> 4 | E61: =VLOOKUP(D61,$W$5:$X$10,2) -> Technology | F61: =RANDBETWEEN(1,5) -> 2 | G61: =VLOOKUP(F61,$Y$5:$Z$9,2) -> College | H61: =RANDBETWEEN(0,4) -> 0 | I61: =RANDBETWEEN(1,3) -> 1 | J61: =RANDBETWEEN(30000,100000) -> 59234 | K61: =RANDBETWEEN(1,48) -> 11 | L61: =VLOOKUP(K61,$AA$5:$AB$52,2) -> Devon | M61: =J61*(RANDBETWEEN(2,5)) -> 177702 | N61: =RAND()*M61 -> 15928.756 | O61: =I61*RAND()*J61 -> 13524.874 | P61: =RANDBETWEEN(0,O61) -> 6511 | Q61: =RAND()*J61*2 -> 76457.454 | R61: =RAND()*J61*1.5 -> 32558.979 | S61: =J61+R61+O61 -> 105317.85 | T61: =N61+P61+Q61 -> 98897.21 | U61: =S61-T61 -> 6420.6439 | AC61: =IF(Table1[[#This Row],[gender]]="men",1,0) -> 1 | AD61: =IF(Table1[[#This Row],[gender]]="women",1,0) -> 0 | AJ61: =IF(Table1[[#This Row],[Column1]]="Health",1,0) -> 0 | AK61: =IF(Table1[[#This Row],[Column1]]="Construction",1,0) -> 0 | AL61: =IF(Table1[[#This Row],[Column1]]="Technology",1,0) -> 1 | AM61: =IF(Table1[[#This Row],[Column1]]="Education",1,0) -> 0 | AN61: =IF(Table1[[#This Row],[Column1]]="Agriculture",1,0) -> 0 | AO61: =IF(Table1[[#This Row],[Column1]]="Social Service", 1, 0) -> 0 | AV61: =(O62/I62) -> 5811.9699 | AX61: =IF(Table1[[#This Row],[Value of Debts]]>$AY$4,1,0) -> 0 | BB61: =Table1[[#This Row],[Mortage Left]]/Table1[[#This Row],[Value of House]] -> 0.08963746 | BC61: =IF(BB61<$BD$4,1,0) -> 1 | BG61: =IF(Table1[[#This Row],[County]]="Cumbria",Table1[[#This Row],[income]],0) -> 0 | BH61: =IF(Table1[[#This Row],[County]]="Cheshire",Table1[[#This Row],[income]],0) -> 0 | BI61: =IF(Table1[[#This Row],[County]]="Bristol",Table1[[#This Row],[income]],0) -> 0 | BJ61: =IF(Table1[[#This Row],[County]]="Surrey",Table1[[#This Row],[income]],0) -> 0 | BK61: =IF(Table1[[#This Row],[County]]="Norfolk",Table1[[#This Row],[income]],0) -> 0 | BL61: =IF(Table1[[#This Row],[County]]="Lincolnshire",Table1[[#This Row],[income]],0) -> 0 | BM61: =IF(Table1[[#This Row],[County]]="Somerset",Table1[[#This Row],[income]],0) -> 0 | BN61: =IF(Table1[[#This Row],[County]]="Cambridgeshire",Table1[[#This Row],[income]],0) -> 0 | BO61: =IF(Table1[[#This Row],[County]]="South Yorkshire",Table1[[#This Row],[income]],0) -> 0 | BP61: =IF(Table1[[#This Row],[County]]="Greater London",Table1[[#This Row],[income]],0) -> 0 | BQ61: =IF(Table1[[#This Row],[County]]="Hampshire",Table1[[#This Row],[income]],0) -> 0 | BR61: =IF(Table1[[#This Row],[County]]="Gloucestershire",Table1[[#This Row],[income]],0) -> 0 | BS61: =IF(Table1[[#This Row],[County]]="West Sussex",Table1[[#This Row],[income]],0) -> 0 | BT61: =IF(Table1[[#This Row],[County]]="Devon",Table1[[#This Row],[income]],0) -> 59234 | BU61: =IF(Table1[[#This Row],[County]]="Berkshire",Table1[[#This Row],[income]],0) -> 0 | BV61: =IF(Table1[[#This Row],[County]]="Staffordshire",Table1[[#This Row],[income]],0) -> 0 | BW61: =IF(Table1[[#This Row],[County]]="Leicestershire",Table1[[#This Row],[income]],0) -> 0 | BX61: =IF(Table1[[#This Row],[County]]="Cornwall",Table1[[#This Row],[income]],0) -> 0 | BY61: =IF(Table1[[#This Row],[County]]="Isle of Wight",Table1[[#This Row],[income]],0) -> 0 | BZ61: =IF(Table1[[#This Row],[County]]="Surrey",Table1[[#This Row],[income]],0) -> 0 | CA61: =IF(Table1[[#This Row],[County]]="Derbyshire",Table1[[#This Row],[income]],0) -> 0 | CB61: =IF(Table1[[#This Row],[County]]="City of London",Table1[[#This Row],[income]],0) -> 0 | CC61: =IF(Table1[[#This Row],[County]]="Bedfordshire",Table1[[#This Row],[income]],0) -> 0 | CD61: =IF(Table1[[#This Row],[County]]="County Durham",Table1[[#This Row],[income]],0) -> 0 | CE61: =IF(Table1[[#This Row],[County]]="East Riding of Yorkshire",Table1[[#This Row],[income]],0) -> 0 | CF61: =IF(Table1[[#This Row],[County]]="West Yorkshire",Table1[[#This Row],[income]],0) -> 0 | CG61: =IF(Table1[[#This Row],[County]]="Essex",Table1[[#This Row],[income]],0) -> 0 | CH61: =IF(Table1[[#This Row],[County]]="East Sussex",Table1[[#This Row],[income]],0) -> 0 | CI61: =IF(Table1[[#This Row],[County]]="Greater Manchester",Table1[[#This Row],[income]],0) -> 0 | CJ61: =IF(Table1[[#This Row],[County]]="Hertfordshire",Table1[[#This Row],[income]],0) -> 0 | CK61: =IF(Table1[[#This Row],[County]]="Herefordshire",Table1[[#This Row],[income]],0) -> 0 | CL61: =IF(Table1[[#This Row],[County]]="Lancashire",Table1[[#This Row],[income]],0) -> 0 | CM61: =IF(Table1[[#This Row],[County]]="Merseyside",Table1[[#This Row],[income]],0) -> 0 | CN61: =IF(Table1[[#This Row],[County]]="Northamptonshire",Table1[[#This Row],[income]],0) -> 0 | CO61: =IF(Table1[[#This Row],[County]]="Northumberland",Table1[[#This Row],[income]],0) -> 0 | CP61: =IF(Table1[[#This Row],[County]]="Wiltshire",Table1[[#This Row],[income]],0) -> 0 | CQ61: =IF(Table1[[#This Row],[County]]="West Midlands",Table1[[#This Row],[income]],0) -> 0 | CR61: =IF(Table1[[#This Row],[County]]="Warwickshire",Table1[[#This Row],[income]],0) -> 0 | CS61: =IF(Table1[[#This Row],[County]]="Tyne and Wear",Table1[[#This Row],[income]],0) -> 0 | CT61: =IF(Table1[[#This Row],[County]]="Worcestershire",Table1[[#This Row],[income]],0) -> 0 | CU61: =IF(Table1[[#This Row],[County]]="Rutland",Table1[[#This Row],[income]],0) -> 0 | CV61: =IF(Table1[[#This Row],[County]]="Shropshire",Table1[[#This Row],[income]],0) -> 0 | CW61: =IF(Table1[[#This Row],[County]]="Dorset",Table1[[#This Row],[income]],0) -> 0 | CX61: =IF(Table1[[#This Row],[County]]="Buckinghamshire",Table1[[#This Row],[income]],0) -> 0 | CY61: =IF(Table1[[#This Row],[County]]="Suffolk",Table1[[#This Row],[income]],0) -> 0 | CZ61: =IF(Table1[[#This Row],[County]]="North Yorkshire",Table1[[#This Row],[income]],0) -> 0 | DA61: =IF(Table1[[#This Row],[County]]="Kent",Table1[[#This Row],[income]],0) -> 0 | DB61: =IF(Table1[[#This Row],[County]]="Derbyshire",Table1[[#This Row],[income]],0) -> 0 | DD61: =IF(Table1[[#This Row],[Column1]]="Health",Table1[[#This Row],[income]],0) -> 0 | DE61: =IF(Table1[[#This Row],[Column1]]="Agriculture",Table1[[#This Row],[income]],0) -> 0 | DF61: =IF(Table1[[#This Row],[Column1]]="Technology",Table1[[#This Row],[income]],0) -> 59234 | DG61: =IF(Table1[[#This Row],[Column1]]="Social Service",Table1[[#This Row],[income]],0) -> 0 | DH61: =IF(Table1[[#This Row],[Column1]]="Education",Table1[[#This Row],[income]],0) -> 0 | DI61: =IF(Table1[[#This Row],[Column1]]="Construction",Table1[[#This Row],[income]],0) -> 0 | DK61: =IF(Table1[[#This Row],[Value of Debts]]>Table1[[#This Row],[income]],1,0) -> 1 | DP61: =IF(Table1[[#This Row],[Net Worth (£)]]>$DS$5,C61,0) -> 0
A62: =RANDBETWEEN(1,2) -> 1 | B62: =IF(A62=1, "men", "women") -> men | C62: =RANDBETWEEN(25,50) -> 32 | D62: =RANDBETWEEN(1,6) -> 2 | E62: =VLOOKUP(D62,$W$5:$X$10,2) -> Construction | F62: =RANDBETWEEN(1,5) -> 2 | G62: =VLOOKUP(F62,$Y$5:$Z$9,2) -> College | H62: =RANDBETWEEN(0,4) -> 4 | I62: =RANDBETWEEN(1,3) -> 2 | J62: =RANDBETWEEN(30000,100000) -> 92652 | K62: =RANDBETWEEN(1,48) -> 27 | L62: =VLOOKUP(K62,$AA$5:$AB$52,2) -> Merseyside | M62: =J62*(RANDBETWEEN(2,5)) -> 463260 | N62: =RAND()*M62 -> 322570.75 | O62: =I62*RAND()*J62 -> 11623.94 | P62: =RANDBETWEEN(0,O62) -> 7981 | Q62: =RAND()*J62*2 -> 113014.83 | R62: =RAND()*J62*1.5 -> 85663.327 | S62: =J62+R62+O62 -> 189939.27 | T62: =N62+P62+Q62 -> 443566.58 | U62: =S62-T62 -> -253627.31 | AC62: =IF(Table1[[#This Row],[gender]]="men",1,0) -> 1 | AD62: =IF(Table1[[#This Row],[gender]]="women",1,0) -> 0 | AJ62: =IF(Table1[[#This Row],[Column1]]="Health",1,0) -> 0 | AK62: =IF(Table1[[#This Row],[Column1]]="Construction",1,0) -> 1 | AL62: =IF(Table1[[#This Row],[Column1]]="Technology",1,0) -> 0 | AM62: =IF(Table1[[#This Row],[Column1]]="Education",1,0) -> 0 | AN62: =IF(Table1[[#This Row],[Column1]]="Agriculture",1,0) -> 0 | AO62: =IF(Table1[[#This Row],[Column1]]="Social Service", 1, 0) -> 0 | AV62: =(O63/I63) -> 10353.166 | AX62: =IF(Table1[[#This Row],[Value of Debts]]>$AY$4,1,0) -> 1 | BB62: =Table1[[#This Row],[Mortage Left]]/Table1[[#This Row],[Value of House]] -> 0.69630607 | BC62: =IF(BB62<$BD$4,1,0) -> 0 | BG62: =IF(Table1[[#This Row],[County]]="Cumbria",Table1[[#This Row],[income]],0) -> 0 | BH62: =IF(Table1[[#This Row],[County]]="Cheshire",Table1[[#This Row],[income]],0) -> 0 | BI62: =IF(Table1[[#This Row],[County]]="Bristol",Table1[[#This Row],[income]],0) -> 0 | BJ62: =IF(Table1[[#This Row],[County]]="Surrey",Table1[[#This Row],[income]],0) -> 0 | BK62: =IF(Table1[[#This Row],[County]]="Norfolk",Table1[[#This Row],[income]],0) -> 0 | BL62: =IF(Table1[[#This Row],[County]]="Lincolnshire",Table1[[#This Row],[income]],0) -> 0 | BM62: =IF(Table1[[#This Row],[County]]="Somerset",Table1[[#This Row],[income]],0) -> 0 | BN62: =IF(Table1[[#This Row],[County]]="Cambridgeshire",Table1[[#This Row],[income]],0) -> 0 | BO62: =IF(Table1[[#This Row],[County]]="South Yorkshire",Table1[[#This Row],[income]],0) -> 0 | BP62: =IF(Table1[[#This Row],[County]]="Greater London",Table1[[#This Row],[income]],0) -> 0 | BQ62: =IF(Table1[[#This Row],[County]]="Hampshire",Table1[[#This Row],[income]],0) -> 0 | BR62: =IF(Table1[[#This Row],[County]]="Gloucestershire",Table1[[#This Row],[income]],0) -> 0 | BS62: =IF(Table1[[#This Row],[County]]="West Sussex",Table1[[#This Row],[income]],0) -> 0 | BT62: =IF(Table1[[#This Row],[County]]="Devon",Table1[[#This Row],[income]],0) -> 0 | BU62: =IF(Table1[[#This Row],[County]]="Berkshire",Table1[[#This Row],[income]],0) -> 0 | BV62: =IF(Table1[[#This Row],[County]]="Staffordshire",Table1[[#This Row],[income]],0) -> 0 | BW62: =IF(Table1[[#This Row],[County]]="Leicestershire",Table1[[#This Row],[income]],0) -> 0 | BX62: =IF(Table1[[#This Row],[County]]="Cornwall",Table1[[#This Row],[income]],0) -> 0 | BY62: =IF(Table1[[#This Row],[County]]="Isle of Wight",Table1[[#This Row],[income]],0) -> 0 | BZ62: =IF(Table1[[#This Row],[County]]="Surrey",Table1[[#This Row],[income]],0) -> 0 | CA62: =IF(Table1[[#This Row],[County]]="Derbyshire",Table1[[#This Row],[income]],0) -> 0 | CB62: =IF(Table1[[#This Row],[County]]="City of London",Table1[[#This Row],[income]],0) -> 0 | CC62: =IF(Table1[[#This Row],[County]]="Bedfordshire",Table1[[#This Row],[income]],0) -> 0 | CD62: =IF(Table1[[#This Row],[County]]="County Durham",Table1[[#This Row],[income]],0) -> 0 | CE62: =IF(Table1[[#This Row],[County]]="East Riding of Yorkshire",Table1[[#This Row],[income]],0) -> 0 | CF62: =IF(Table1[[#This Row],[County]]="West Yorkshire",Table1[[#This Row],[income]],0) -> 0 | CG62: =IF(Table1[[#This Row],[County]]="Essex",Table1[[#This Row],[income]],0) -> 0 | CH62: =IF(Table1[[#This Row],[County]]="East Sussex",Table1[[#This Row],[income]],0) -> 0 | CI62: =IF(Table1[[#This Row],[County]]="Greater Manchester",Table1[[#This Row],[income]],0) -> 0 | CJ62: =IF(Table1[[#This Row],[County]]="Hertfordshire",Table1[[#This Row],[income]],0) -> 0 | CK62: =IF(Table1[[#This Row],[County]]="Herefordshire",Table1[[#This Row],[income]],0) -> 0 | CL62: =IF(Table1[[#This Row],[County]]="Lancashire",Table1[[#This Row],[income]],0) -> 0 | CM62: =IF(Table1[[#This Row],[County]]="Merseyside",Table1[[#This Row],[income]],0) -> 92652 | CN62: =IF(Table1[[#This Row],[County]]="Northamptonshire",Table1[[#This Row],[income]],0) -> 0 | CO62: =IF(Table1[[#This Row],[County]]="Northumberland",Table1[[#This Row],[income]],0) -> 0 | CP62: =IF(Table1[[#This Row],[County]]="Wiltshire",Table1[[#This Row],[income]],0) -> 0 | CQ62: =IF(Table1[[#This Row],[County]]="West Midlands",Table1[[#This Row],[income]],0) -> 0 | CR62: =IF(Table1[[#This Row],[County]]="Warwickshire",Table1[[#This Row],[income]],0) -> 0 | CS62: =IF(Table1[[#This Row],[County]]="Tyne and Wear",Table1[[#This Row],[income]],0) -> 0 | CT62: =IF(Table1[[#This Row],[County]]="Worcestershire",Table1[[#This Row],[income]],0) -> 0 | CU62: =IF(Table1[[#This Row],[County]]="Rutland",Table1[[#This Row],[income]],0) -> 0 | CV62: =IF(Table1[[#This Row],[County]]="Shropshire",Table1[[#This Row],[income]],0) -> 0 | CW62: =IF(Table1[[#This Row],[County]]="Dorset",Table1[[#This Row],[income]],0) -> 0 | CX62: =IF(Table1[[#This Row],[County]]="Buckinghamshire",Table1[[#This Row],[income]],0) -> 0 | CY62: =IF(Table1[[#This Row],[County]]="Suffolk",Table1[[#This Row],[income]],0) -> 0 | CZ62: =IF(Table1[[#This Row],[County]]="North Yorkshire",Table1[[#This Row],[income]],0) -> 0 | DA62: =IF(Table1[[#This Row],[County]]="Kent",Table1[[#This Row],[income]],0) -> 0 | DB62: =IF(Table1[[#This Row],[County]]="Derbyshire",Table1[[#This Row],[income]],0) -> 0 | DD62: =IF(Table1[[#This Row],[Column1]]="Health",Table1[[#This Row],[income]],0) -> 0 | DE62: =IF(Table1[[#This Row],[Column1]]="Agriculture",Table1[[#This Row],[income]],0) -> 0 | DF62: =IF(Table1[[#This Row],[Column1]]="Technology",Table1[[#This Row],[income]],0) -> 0 | DG62: =IF(Table1[[#This Row],[Column1]]="Social Service",Table1[[#This Row],[income]],0) -> 0 | DH62: =IF(Table1[[#This Row],[Column1]]="Education",Table1[[#This Row],[income]],0) -> 0 | DI62: =IF(Table1[[#This Row],[Column1]]="Construction",Table1[[#This Row],[income]],0) -> 92652 | DK62: =IF(Table1[[#This Row],[Value of Debts]]>Table1[[#This Row],[income]],1,0) -> 1 | DP62: =IF(Table1[[#This Row],[Net Worth (£)]]>$DS$5,C62,0) -> 0
